frame,image_name,label,label_id,xtl,ytl,xbr,ybr,track_id
80,frame_00080.jpg,Crossing,2,994,635,1034,729,0
81,frame_00081.jpg,Crossing,2,996,636,1037,729,0
82,frame_00082.jpg,Crossing,2,999,636,1039,730,0
83,frame_00083.jpg,Crossing,2,1001,637,1042,730,0
84,frame_00084.jpg,Crossing,2,1004,637,1044,731,0
85,frame_00085.jpg,Crossing,2,1007,638,1047,731,0
86,frame_00086.jpg,Crossing,2,1009,638,1050,732,0
87,frame_00087.jpg,Crossing,2,1012,639,1052,732,0
88,frame_00088.jpg,Crossing,2,1014,639,1055,733,0
89,frame_00089.jpg,Crossing,2,1017,640,1057,733,0
90,frame_00090.jpg,Crossing,2,1020,640,1060,734,0
91,frame_00091.jpg,Crossing,2,1022,641,1062,734,0
92,frame_00092.jpg,Crossing,2,1025,641,1065,735,0
93,frame_00093.jpg,Crossing,2,1027,642,1068,735,0
94,frame_00094.jpg,Crossing,2,1030,643,1070,736,0
95,frame_00095.jpg,Crossing,2,1033,643,1073,736,0
96,frame_00096.jpg,Crossing,2,1035,643,1075,736,0
97,frame_00097.jpg,Crossing,2,1037,643,1077,736,0
98,frame_00098.jpg,Crossing,2,1039,643,1080,736,0
99,frame_00099.jpg,Crossing,2,1042,643,1082,736,0
100,frame_00100.jpg,Crossing,2,1044,643,1084,736,0
101,frame_00101.jpg,Crossing,2,1046,643,1086,736,0
102,frame_00102.jpg,Crossing,2,1048,643,1089,736,0
103,frame_00103.jpg,Crossing,2,1050,643,1091,736,0
104,frame_00104.jpg,Crossing,2,1053,643,1093,736,0
105,frame_00105.jpg,Crossing,2,1055,643,1095,736,0
106,frame_00106.jpg,Crossing,2,1057,643,1097,736,0
107,frame_00107.jpg,Crossing,2,1060,644,1100,737,0
108,frame_00108.jpg,Crossing,2,1063,645,1103,738,0
109,frame_00109.jpg,Crossing,2,1066,646,1106,739,0
110,frame_00110.jpg,Crossing,2,1069,646,1109,740,0
111,frame_00111.jpg,Crossing,2,1071,647,1112,741,0
112,frame_00112.jpg,Crossing,2,1074,648,1115,741,0
113,frame_00113.jpg,Crossing,2,1077,649,1117,742,0
114,frame_00114.jpg,Crossing,2,1080,650,1120,743,0
115,frame_00115.jpg,Crossing,2,1083,651,1123,744,0
116,frame_00116.jpg,Crossing,2,1086,652,1126,745,0
117,frame_00117.jpg,Crossing,2,1089,653,1129,746,0
118,frame_00118.jpg,Crossing,2,1091,653,1132,747,0
119,frame_00119.jpg,Crossing,2,1094,654,1134,748,0
120,frame_00120.jpg,Crossing,2,1097,655,1137,748,0
121,frame_00121.jpg,Crossing,2,1100,656,1140,749,0
123,frame_00123.jpg,Crossing,2,1100,656,1140,749,0
124,frame_00124.jpg,Crossing,2,1100,656,1140,749,0
468,frame_00468.jpg,Standing,1,1060,630,1109,716,1
469,frame_00469.jpg,Standing,1,1061,630,1110,716,1
470,frame_00470.jpg,Standing,1,1061,631,1111,716,1
471,frame_00471.jpg,Standing,1,1062,631,1112,717,1
472,frame_00472.jpg,Standing,1,1063,631,1112,717,1
473,frame_00473.jpg,Standing,1,1064,632,1113,717,1
474,frame_00474.jpg,Standing,1,1065,632,1114,718,1
475,frame_00475.jpg,Standing,1,1065,632,1115,718,1
476,frame_00476.jpg,Standing,1,1066,633,1116,718,1
477,frame_00477.jpg,Standing,1,1067,633,1116,718,1
478,frame_00478.jpg,Standing,1,1068,633,1117,719,1
479,frame_00479.jpg,Standing,1,1069,634,1118,719,1
480,frame_00480.jpg,Standing,1,1069,634,1119,719,1
481,frame_00481.jpg,Standing,1,1070,634,1120,720,1
482,frame_00482.jpg,Standing,1,1071,635,1120,720,1
483,frame_00483.jpg,Standing,1,1072,635,1121,720,1
484,frame_00484.jpg,Standing,1,1073,635,1122,721,1
485,frame_00485.jpg,Standing,1,1075,635,1124,721,1
486,frame_00486.jpg,Standing,1,1077,636,1127,721,1
487,frame_00487.jpg,Standing,1,1079,636,1129,721,1
488,frame_00488.jpg,Standing,1,1082,636,1131,722,1
489,frame_00489.jpg,Standing,1,1084,636,1133,722,1
490,frame_00490.jpg,Standing,1,1086,636,1136,722,1
491,frame_00491.jpg,Standing,1,1088,637,1138,722,1
492,frame_00492.jpg,Standing,1,1091,637,1140,722,1
493,frame_00493.jpg,Standing,1,1093,637,1142,723,1
494,frame_00494.jpg,Standing,1,1095,637,1145,723,1
495,frame_00495.jpg,Standing,1,1097,637,1147,723,1
496,frame_00496.jpg,Standing,1,1100,638,1149,723,1
497,frame_00497.jpg,Standing,1,1102,638,1151,723,1
498,frame_00498.jpg,Standing,1,1104,638,1154,724,1
499,frame_00499.jpg,Standing,1,1106,638,1156,724,1
500,frame_00500.jpg,Standing,1,1109,638,1158,724,1
501,frame_00501.jpg,Standing,1,1111,639,1160,724,1
502,frame_00502.jpg,Standing,1,1113,639,1163,724,1
503,frame_00503.jpg,Standing,1,1116,639,1165,724,1
504,frame_00504.jpg,Standing,1,1118,639,1167,725,1
505,frame_00505.jpg,Standing,1,1120,639,1169,725,1
506,frame_00506.jpg,Standing,1,1122,640,1172,725,1
507,frame_00507.jpg,Standing,1,1125,640,1174,725,1
508,frame_00508.jpg,Standing,1,1127,640,1176,725,1
509,frame_00509.jpg,Standing,1,1129,640,1178,726,1
510,frame_00510.jpg,Standing,1,1131,640,1181,726,1
511,frame_00511.jpg,Standing,1,1134,641,1183,726,1
512,frame_00512.jpg,Standing,1,1136,641,1185,726,1
513,frame_00513.jpg,Standing,1,1138,641,1187,726,1
514,frame_00514.jpg,Standing,1,1140,641,1190,727,1
515,frame_00515.jpg,Standing,1,1143,641,1192,727,1
516,frame_00516.jpg,Standing,1,1145,642,1194,727,1
517,frame_00517.jpg,Standing,1,1147,642,1196,727,1
518,frame_00518.jpg,Standing,1,1149,642,1199,727,1
519,frame_00519.jpg,Standing,1,1152,642,1201,728,1
520,frame_00520.jpg,Standing,1,1154,642,1203,728,1
521,frame_00521.jpg,Standing,1,1156,643,1205,728,1
522,frame_00522.jpg,Standing,1,1158,643,1208,728,1
523,frame_00523.jpg,Standing,1,1161,643,1210,728,1
524,frame_00524.jpg,Standing,1,1163,643,1212,729,1
525,frame_00525.jpg,Standing,1,1165,643,1214,729,1
526,frame_00526.jpg,Standing,1,1167,644,1217,729,1
527,frame_00527.jpg,Standing,1,1170,644,1219,729,1
528,frame_00528.jpg,Standing,1,1172,644,1221,729,1
529,frame_00529.jpg,Standing,1,1174,644,1223,730,1
530,frame_00530.jpg,Standing,1,1176,644,1226,730,1
531,frame_00531.jpg,Standing,1,1180,644,1230,731,1
532,frame_00532.jpg,Standing,1,1184,643,1235,733,1
533,frame_00533.jpg,Standing,1,1187,643,1239,735,1
534,frame_00534.jpg,Standing,1,1191,642,1244,736,1
535,frame_00535.jpg,Standing,1,1195,642,1249,738,1
536,frame_00536.jpg,Standing,1,1199,641,1253,740,1
537,frame_00537.jpg,Standing,1,1202,641,1258,741,1
538,frame_00538.jpg,Standing,1,1206,640,1262,743,1
539,frame_00539.jpg,Standing,1,1210,640,1267,745,1
540,frame_00540.jpg,Standing,1,1213,639,1271,746,1
541,frame_00541.jpg,Standing,1,1217,639,1276,748,1
542,frame_00542.jpg,Standing,1,1221,638,1281,749,1
543,frame_00543.jpg,Standing,1,1225,638,1285,751,1
544,frame_00544.jpg,Standing,1,1228,637,1290,753,1
545,frame_00545.jpg,Standing,1,1232,637,1294,754,1
546,frame_00546.jpg,Standing,1,1239,636,1301,754,1
547,frame_00547.jpg,Standing,1,1245,636,1308,754,1
548,frame_00548.jpg,Standing,1,1252,636,1314,754,1
549,frame_00549.jpg,Standing,1,1258,636,1321,754,1
550,frame_00550.jpg,Standing,1,1265,636,1327,754,1
551,frame_00551.jpg,Standing,1,1272,636,1334,754,1
552,frame_00552.jpg,Standing,1,1278,636,1341,753,1
553,frame_00553.jpg,Standing,1,1285,635,1347,753,1
554,frame_00554.jpg,Standing,1,1292,635,1354,753,1
555,frame_00555.jpg,Standing,1,1303,633,1366,757,1
556,frame_00556.jpg,Standing,1,1314,631,1378,761,1
557,frame_00557.jpg,Standing,1,1325,629,1390,764,1
558,frame_00558.jpg,Standing,1,1336,626,1403,768,1
559,frame_00559.jpg,Standing,1,1347,624,1415,772,1
560,frame_00560.jpg,Standing,1,1358,622,1427,775,1
561,frame_00561.jpg,Standing,1,1369,620,1439,779,1
562,frame_00562.jpg,Standing,1,1380,617,1451,783,1
563,frame_00563.jpg,Standing,1,1391,615,1463,787,1
564,frame_00564.jpg,Standing,1,1402,613,1476,790,1
565,frame_00565.jpg,Standing,1,1413,611,1488,794,1
566,frame_00566.jpg,Standing,1,1424,608,1500,798,1
567,frame_00567.jpg,Standing,1,1435,606,1512,801,1
568,frame_00568.jpg,Standing,1,1446,604,1524,805,1
468,frame_00468.jpg,Standing,1,1021,648,1068,717,2
469,frame_00469.jpg,Standing,1,1022,648,1069,717,2
470,frame_00470.jpg,Standing,1,1023,649,1070,717,2
471,frame_00471.jpg,Standing,1,1025,649,1071,717,2
472,frame_00472.jpg,Standing,1,1026,649,1073,718,2
473,frame_00473.jpg,Standing,1,1027,649,1074,718,2
474,frame_00474.jpg,Standing,1,1028,649,1075,718,2
475,frame_00475.jpg,Standing,1,1030,649,1076,718,2
476,frame_00476.jpg,Standing,1,1031,650,1077,718,2
477,frame_00477.jpg,Standing,1,1032,650,1079,718,2
478,frame_00478.jpg,Standing,1,1033,650,1080,718,2
479,frame_00479.jpg,Standing,1,1034,650,1081,719,2
480,frame_00480.jpg,Standing,1,1036,650,1082,719,2
481,frame_00481.jpg,Standing,1,1037,650,1083,719,2
482,frame_00482.jpg,Standing,1,1038,650,1085,719,2
483,frame_00483.jpg,Standing,1,1039,651,1086,719,2
484,frame_00484.jpg,Standing,1,1040,651,1087,719,2
485,frame_00485.jpg,Standing,1,1042,651,1089,720,2
486,frame_00486.jpg,Standing,1,1044,652,1091,721,2
487,frame_00487.jpg,Standing,1,1046,652,1094,721,2
488,frame_00488.jpg,Standing,1,1048,652,1096,722,2
489,frame_00489.jpg,Standing,1,1050,653,1098,723,2
490,frame_00490.jpg,Standing,1,1052,653,1100,723,2
491,frame_00491.jpg,Standing,1,1054,653,1102,724,2
492,frame_00492.jpg,Standing,1,1056,654,1104,725,2
493,frame_00493.jpg,Standing,1,1058,654,1107,726,2
494,frame_00494.jpg,Standing,1,1060,654,1109,726,2
495,frame_00495.jpg,Standing,1,1062,655,1111,727,2
496,frame_00496.jpg,Standing,1,1064,655,1113,728,2
497,frame_00497.jpg,Standing,1,1066,656,1115,728,2
498,frame_00498.jpg,Standing,1,1068,656,1117,729,2
499,frame_00499.jpg,Standing,1,1070,656,1120,730,2
500,frame_00500.jpg,Standing,1,1072,657,1122,730,2
501,frame_00501.jpg,Standing,1,1074,657,1124,731,2
502,frame_00502.jpg,Standing,1,1076,657,1126,732,2
503,frame_00503.jpg,Standing,1,1078,658,1128,732,2
504,frame_00504.jpg,Standing,1,1080,658,1130,733,2
505,frame_00505.jpg,Standing,1,1082,658,1133,734,2
506,frame_00506.jpg,Standing,1,1084,659,1135,734,2
507,frame_00507.jpg,Standing,1,1086,659,1137,735,2
508,frame_00508.jpg,Standing,1,1088,660,1139,736,2
509,frame_00509.jpg,Standing,1,1090,660,1141,736,2
510,frame_00510.jpg,Standing,1,1092,660,1143,737,2
511,frame_00511.jpg,Standing,1,1094,661,1146,738,2
512,frame_00512.jpg,Standing,1,1096,661,1148,738,2
513,frame_00513.jpg,Standing,1,1098,661,1150,739,2
514,frame_00514.jpg,Standing,1,1100,662,1152,740,2
515,frame_00515.jpg,Standing,1,1102,662,1154,740,2
516,frame_00516.jpg,Standing,1,1104,663,1156,741,2
517,frame_00517.jpg,Standing,1,1105,663,1159,742,2
518,frame_00518.jpg,Standing,1,1107,663,1161,742,2
519,frame_00519.jpg,Standing,1,1109,664,1163,743,2
520,frame_00520.jpg,Standing,1,1111,664,1165,744,2
521,frame_00521.jpg,Standing,1,1113,664,1167,744,2
522,frame_00522.jpg,Standing,1,1115,665,1169,745,2
523,frame_00523.jpg,Standing,1,1117,665,1172,746,2
524,frame_00524.jpg,Standing,1,1119,665,1174,746,2
525,frame_00525.jpg,Standing,1,1121,666,1176,747,2
526,frame_00526.jpg,Standing,1,1123,666,1178,748,2
527,frame_00527.jpg,Standing,1,1125,667,1180,748,2
528,frame_00528.jpg,Standing,1,1127,667,1182,749,2
529,frame_00529.jpg,Standing,1,1129,667,1185,750,2
530,frame_00530.jpg,Standing,1,1131,668,1187,751,2
531,frame_00531.jpg,Standing,1,1136,667,1191,752,2
532,frame_00532.jpg,Standing,1,1140,667,1196,753,2
533,frame_00533.jpg,Standing,1,1144,666,1200,755,2
534,frame_00534.jpg,Standing,1,1149,666,1205,756,2
535,frame_00535.jpg,Standing,1,1153,665,1209,757,2
536,frame_00536.jpg,Standing,1,1158,665,1214,759,2
537,frame_00537.jpg,Standing,1,1162,664,1218,760,2
538,frame_00538.jpg,Standing,1,1166,664,1223,762,2
539,frame_00539.jpg,Standing,1,1171,663,1227,763,2
540,frame_00540.jpg,Standing,1,1175,662,1232,764,2
541,frame_00541.jpg,Standing,1,1180,662,1236,766,2
542,frame_00542.jpg,Standing,1,1184,661,1241,767,2
543,frame_00543.jpg,Standing,1,1188,661,1245,768,2
544,frame_00544.jpg,Standing,1,1193,660,1250,770,2
545,frame_00545.jpg,Standing,1,1197,660,1254,771,2
546,frame_00546.jpg,Standing,1,1202,660,1260,773,2
547,frame_00547.jpg,Standing,1,1207,659,1266,776,2
548,frame_00548.jpg,Standing,1,1211,659,1272,778,2
549,frame_00549.jpg,Standing,1,1216,659,1278,780,2
550,frame_00550.jpg,Standing,1,1221,658,1284,782,2
551,frame_00551.jpg,Standing,1,1226,658,1290,784,2
552,frame_00552.jpg,Standing,1,1230,658,1295,786,2
553,frame_00553.jpg,Standing,1,1235,658,1301,788,2
554,frame_00554.jpg,Standing,1,1240,657,1307,791,2
555,frame_00555.jpg,Standing,1,1250,656,1318,794,2
556,frame_00556.jpg,Standing,1,1260,655,1329,796,2
557,frame_00557.jpg,Standing,1,1269,654,1340,799,2
558,frame_00558.jpg,Standing,1,1279,653,1350,802,2
559,frame_00559.jpg,Standing,1,1289,652,1361,805,2
560,frame_00560.jpg,Standing,1,1299,651,1372,808,2
561,frame_00561.jpg,Standing,1,1309,650,1383,811,2
562,frame_00562.jpg,Standing,1,1319,649,1394,814,2
563,frame_00563.jpg,Standing,1,1328,648,1404,817,2
564,frame_00564.jpg,Standing,1,1338,647,1415,820,2
565,frame_00565.jpg,Standing,1,1348,646,1426,823,2
566,frame_00566.jpg,Standing,1,1358,645,1437,826,2
567,frame_00567.jpg,Standing,1,1368,644,1448,829,2
568,frame_00568.jpg,Standing,1,1378,643,1458,832,2
936,frame_00936.jpg,Walking,0,1158,635,1187,708,3
937,frame_00937.jpg,Walking,0,1161,636,1189,709,3
938,frame_00938.jpg,Walking,0,1163,636,1192,710,3
939,frame_00939.jpg,Walking,0,1165,636,1195,711,3
940,frame_00940.jpg,Walking,0,1168,637,1197,712,3
941,frame_00941.jpg,Walking,0,1170,637,1200,713,3
942,frame_00942.jpg,Walking,0,1172,638,1202,714,3
943,frame_00943.jpg,Walking,0,1175,638,1205,715,3
944,frame_00944.jpg,Walking,0,1177,638,1208,716,3
945,frame_00945.jpg,Walking,0,1180,639,1210,717,3
946,frame_00946.jpg,Walking,0,1182,639,1213,718,3
947,frame_00947.jpg,Walking,0,1184,640,1215,719,3
948,frame_00948.jpg,Walking,0,1187,640,1218,720,3
949,frame_00949.jpg,Walking,0,1189,640,1220,721,3
950,frame_00950.jpg,Walking,0,1191,641,1223,722,3
951,frame_00951.jpg,Walking,0,1194,641,1226,723,3
952,frame_00952.jpg,Walking,0,1196,642,1228,724,3
953,frame_00953.jpg,Walking,0,1199,642,1231,725,3
954,frame_00954.jpg,Walking,0,1201,642,1233,726,3
955,frame_00955.jpg,Walking,0,1203,643,1236,727,3
956,frame_00956.jpg,Walking,0,1206,643,1239,728,3
957,frame_00957.jpg,Walking,0,1208,644,1241,729,3
958,frame_00958.jpg,Walking,0,1210,644,1244,730,3
959,frame_00959.jpg,Walking,0,1213,644,1246,731,3
960,frame_00960.jpg,Walking,0,1216,643,1250,732,3
961,frame_00961.jpg,Walking,0,1220,642,1254,733,3
962,frame_00962.jpg,Walking,0,1223,642,1258,734,3
963,frame_00963.jpg,Walking,0,1227,641,1262,735,3
964,frame_00964.jpg,Walking,0,1230,640,1266,736,3
965,frame_00965.jpg,Walking,0,1234,639,1270,737,3
966,frame_00966.jpg,Walking,0,1237,638,1274,738,3
967,frame_00967.jpg,Walking,0,1241,637,1278,738,3
968,frame_00968.jpg,Walking,0,1244,636,1282,739,3
969,frame_00969.jpg,Walking,0,1248,635,1286,740,3
970,frame_00970.jpg,Walking,0,1251,634,1290,741,3
971,frame_00971.jpg,Walking,0,1255,633,1294,742,3
972,frame_00972.jpg,Walking,0,1258,632,1298,743,3
973,frame_00973.jpg,Walking,0,1262,631,1302,744,3
974,frame_00974.jpg,Walking,0,1265,630,1306,745,3
975,frame_00975.jpg,Walking,0,1269,630,1310,746,3
976,frame_00976.jpg,Walking,0,1272,629,1314,747,3
977,frame_00977.jpg,Walking,0,1276,628,1317,748,3
978,frame_00978.jpg,Walking,0,1279,627,1321,749,3
979,frame_00979.jpg,Walking,0,1283,626,1325,750,3
980,frame_00980.jpg,Walking,0,1287,625,1329,751,3
981,frame_00981.jpg,Walking,0,1292,624,1336,752,3
982,frame_00982.jpg,Walking,0,1298,623,1342,753,3
983,frame_00983.jpg,Walking,0,1304,623,1348,754,3
984,frame_00984.jpg,Walking,0,1310,622,1355,755,3
985,frame_00985.jpg,Walking,0,1316,621,1361,756,3
986,frame_00986.jpg,Walking,0,1322,620,1367,757,3
987,frame_00987.jpg,Walking,0,1328,619,1374,758,3
988,frame_00988.jpg,Walking,0,1334,619,1380,759,3
989,frame_00989.jpg,Walking,0,1339,618,1386,760,3
990,frame_00990.jpg,Walking,0,1345,617,1393,761,3
991,frame_00991.jpg,Walking,0,1351,616,1399,763,3
992,frame_00992.jpg,Walking,0,1357,615,1405,764,3
993,frame_00993.jpg,Walking,0,1363,615,1412,765,3
994,frame_00994.jpg,Walking,0,1369,614,1418,766,3
995,frame_00995.jpg,Walking,0,1375,613,1424,767,3
996,frame_00996.jpg,Walking,0,1381,612,1431,768,3
997,frame_00997.jpg,Walking,0,1386,611,1437,769,3
998,frame_00998.jpg,Walking,0,1392,611,1443,770,3
999,frame_00999.jpg,Walking,0,1398,610,1450,771,3
1000,frame_01000.jpg,Walking,0,1404,609,1456,772,3
1001,frame_01001.jpg,Walking,0,1410,608,1462,774,3
1002,frame_01002.jpg,Walking,0,1416,607,1468,775,3
1003,frame_01003.jpg,Walking,0,1422,607,1475,776,3
1004,frame_01004.jpg,Walking,0,1428,606,1481,777,3
1005,frame_01005.jpg,Walking,0,1433,605,1487,778,3
1006,frame_01006.jpg,Walking,0,1439,604,1494,779,3
1007,frame_01007.jpg,Walking,0,1452,603,1507,782,3
1008,frame_01008.jpg,Walking,0,1464,602,1519,785,3
1009,frame_01009.jpg,Walking,0,1477,601,1532,788,3
1010,frame_01010.jpg,Walking,0,1489,600,1545,790,3
1011,frame_01011.jpg,Walking,0,1501,599,1558,793,3
1012,frame_01012.jpg,Walking,0,1514,598,1570,796,3
1013,frame_01013.jpg,Walking,0,1526,596,1583,799,3
1014,frame_01014.jpg,Walking,0,1538,595,1596,802,3
1015,frame_01015.jpg,Walking,0,1551,594,1609,805,3
1016,frame_01016.jpg,Walking,0,1563,593,1621,808,3
1017,frame_01017.jpg,Walking,0,1576,592,1634,811,3
1018,frame_01018.jpg,Walking,0,1588,591,1647,813,3
1019,frame_01019.jpg,Walking,0,1600,590,1660,816,3
936,frame_00936.jpg,Walking,0,1135,642,1162,713,4
937,frame_00937.jpg,Walking,0,1137,641,1165,713,4
938,frame_00938.jpg,Walking,0,1139,641,1167,714,4
939,frame_00939.jpg,Walking,0,1141,640,1169,714,4
940,frame_00940.jpg,Walking,0,1143,640,1172,715,4
941,frame_00941.jpg,Walking,0,1145,639,1174,715,4
942,frame_00942.jpg,Walking,0,1147,639,1176,716,4
943,frame_00943.jpg,Walking,0,1149,639,1179,716,4
944,frame_00944.jpg,Walking,0,1151,638,1181,717,4
945,frame_00945.jpg,Walking,0,1153,638,1183,717,4
946,frame_00946.jpg,Walking,0,1155,637,1186,717,4
947,frame_00947.jpg,Walking,0,1157,637,1188,718,4
948,frame_00948.jpg,Walking,0,1159,636,1191,718,4
949,frame_00949.jpg,Walking,0,1161,636,1193,719,4
950,frame_00950.jpg,Walking,0,1163,635,1195,719,4
951,frame_00951.jpg,Walking,0,1165,635,1198,720,4
952,frame_00952.jpg,Walking,0,1167,635,1200,720,4
953,frame_00953.jpg,Walking,0,1168,634,1202,721,4
954,frame_00954.jpg,Walking,0,1170,634,1205,721,4
955,frame_00955.jpg,Walking,0,1172,633,1207,722,4
956,frame_00956.jpg,Walking,0,1174,633,1209,722,4
957,frame_00957.jpg,Walking,0,1176,632,1212,722,4
958,frame_00958.jpg,Walking,0,1178,632,1214,723,4
959,frame_00959.jpg,Walking,0,1180,631,1217,723,4
960,frame_00960.jpg,Walking,0,1183,631,1220,724,4
961,frame_00961.jpg,Walking,0,1186,631,1223,725,4
962,frame_00962.jpg,Walking,0,1190,630,1227,726,4
963,frame_00963.jpg,Walking,0,1193,630,1230,727,4
964,frame_00964.jpg,Walking,0,1196,630,1234,728,4
965,frame_00965.jpg,Walking,0,1199,629,1237,728,4
966,frame_00966.jpg,Walking,0,1202,629,1241,729,4
967,frame_00967.jpg,Walking,0,1205,628,1244,730,4
968,frame_00968.jpg,Walking,0,1208,628,1248,731,4
969,frame_00969.jpg,Walking,0,1211,628,1251,732,4
970,frame_00970.jpg,Walking,0,1214,627,1255,733,4
971,frame_00971.jpg,Walking,0,1217,627,1258,734,4
972,frame_00972.jpg,Walking,0,1220,627,1261,735,4
973,frame_00973.jpg,Walking,0,1223,626,1265,735,4
974,frame_00974.jpg,Walking,0,1227,626,1268,736,4
975,frame_00975.jpg,Walking,0,1230,625,1272,737,4
976,frame_00976.jpg,Walking,0,1233,625,1275,738,4
977,frame_00977.jpg,Walking,0,1236,625,1279,739,4
978,frame_00978.jpg,Walking,0,1239,624,1282,740,4
979,frame_00979.jpg,Walking,0,1242,624,1286,741,4
980,frame_00980.jpg,Walking,0,1245,624,1289,741,4
981,frame_00981.jpg,Walking,0,1251,623,1295,743,4
982,frame_00982.jpg,Walking,0,1256,622,1301,744,4
983,frame_00983.jpg,Walking,0,1262,621,1307,745,4
984,frame_00984.jpg,Walking,0,1268,620,1312,747,4
985,frame_00985.jpg,Walking,0,1273,619,1318,748,4
986,frame_00986.jpg,Walking,0,1279,618,1324,749,4
987,frame_00987.jpg,Walking,0,1284,617,1330,750,4
988,frame_00988.jpg,Walking,0,1290,616,1336,752,4
989,frame_00989.jpg,Walking,0,1296,615,1342,753,4
990,frame_00990.jpg,Walking,0,1301,614,1347,754,4
991,frame_00991.jpg,Walking,0,1307,613,1353,756,4
992,frame_00992.jpg,Walking,0,1313,612,1359,757,4
993,frame_00993.jpg,Walking,0,1318,611,1365,758,4
994,frame_00994.jpg,Walking,0,1324,610,1371,760,4
995,frame_00995.jpg,Walking,0,1329,609,1377,761,4
996,frame_00996.jpg,Walking,0,1335,608,1382,762,4
997,frame_00997.jpg,Walking,0,1341,608,1388,763,4
998,frame_00998.jpg,Walking,0,1346,607,1394,765,4
999,frame_00999.jpg,Walking,0,1352,606,1400,766,4
1000,frame_01000.jpg,Walking,0,1358,605,1406,767,4
1001,frame_01001.jpg,Walking,0,1363,604,1411,769,4
1002,frame_01002.jpg,Walking,0,1369,603,1417,770,4
1003,frame_01003.jpg,Walking,0,1374,602,1423,771,4
1004,frame_01004.jpg,Walking,0,1380,601,1429,773,4
1005,frame_01005.jpg,Walking,0,1386,600,1435,774,4
1006,frame_01006.jpg,Walking,0,1391,599,1441,775,4
1007,frame_01007.jpg,Walking,0,1401,597,1454,778,4
1008,frame_01008.jpg,Walking,0,1412,595,1467,781,4
1009,frame_01009.jpg,Walking,0,1422,593,1480,784,4
1010,frame_01010.jpg,Walking,0,1432,591,1493,787,4
1011,frame_01011.jpg,Walking,0,1442,588,1506,790,4
1012,frame_01012.jpg,Walking,0,1452,586,1519,793,4
1013,frame_01013.jpg,Walking,0,1463,584,1532,796,4
1014,frame_01014.jpg,Walking,0,1473,582,1545,799,4
1015,frame_01015.jpg,Walking,0,1483,580,1558,802,4
1016,frame_01016.jpg,Walking,0,1493,578,1571,805,4
1017,frame_01017.jpg,Walking,0,1503,576,1584,808,4
1018,frame_01018.jpg,Walking,0,1513,573,1597,811,4
1019,frame_01019.jpg,Walking,0,1524,571,1610,814,4
1047,frame_01047.jpg,Crossing,2,1039,650,1068,713,5
1048,frame_01048.jpg,Crossing,2,1040,650,1069,713,5
1049,frame_01049.jpg,Crossing,2,1041,650,1070,714,5
1050,frame_01050.jpg,Crossing,2,1043,650,1071,714,5
1051,frame_01051.jpg,Crossing,2,1044,651,1072,714,5
1052,frame_01052.jpg,Crossing,2,1045,651,1073,714,5
1053,frame_01053.jpg,Crossing,2,1046,651,1075,715,5
1054,frame_01054.jpg,Crossing,2,1047,652,1076,715,5
1055,frame_01055.jpg,Crossing,2,1048,652,1077,715,5
1056,frame_01056.jpg,Crossing,2,1050,652,1078,716,5
1057,frame_01057.jpg,Crossing,2,1051,652,1079,716,5
1058,frame_01058.jpg,Crossing,2,1052,653,1080,716,5
1059,frame_01059.jpg,Crossing,2,1053,653,1081,716,5
1060,frame_01060.jpg,Crossing,2,1054,653,1083,717,5
1061,frame_01061.jpg,Crossing,2,1055,654,1084,717,5
1062,frame_01062.jpg,Crossing,2,1056,654,1085,717,5
1063,frame_01063.jpg,Crossing,2,1058,654,1086,718,5
1064,frame_01064.jpg,Crossing,2,1059,654,1087,718,5
1065,frame_01065.jpg,Crossing,2,1060,655,1088,718,5
1066,frame_01066.jpg,Crossing,2,1060,655,1088,718,5
1067,frame_01067.jpg,Crossing,2,1060,655,1088,718,5
1068,frame_01068.jpg,Crossing,2,1060,655,1088,718,5
1069,frame_01069.jpg,Crossing,2,1060,655,1088,718,5
1107,frame_01107.jpg,Crossing,2,1068,651,1110,736,6
1108,frame_01108.jpg,Crossing,2,1066,650,1110,737,6
1109,frame_01109.jpg,Crossing,2,1064,650,1109,738,6
1110,frame_01110.jpg,Crossing,2,1062,650,1108,738,6
1111,frame_01111.jpg,Crossing,2,1060,649,1108,739,6
1112,frame_01112.jpg,Crossing,2,1059,649,1107,740,6
1113,frame_01113.jpg,Crossing,2,1057,648,1106,741,6
1114,frame_01114.jpg,Crossing,2,1055,648,1106,741,6
1115,frame_01115.jpg,Crossing,2,1053,648,1105,742,6
1116,frame_01116.jpg,Crossing,2,1051,647,1104,743,6
1117,frame_01117.jpg,Crossing,2,1050,647,1104,743,6
1118,frame_01118.jpg,Crossing,2,1048,646,1103,744,6
1119,frame_01119.jpg,Crossing,2,1046,646,1102,745,6
1120,frame_01120.jpg,Crossing,2,1044,645,1102,746,6
1121,frame_01121.jpg,Crossing,2,1042,645,1101,746,6
1122,frame_01122.jpg,Crossing,2,1041,645,1100,747,6
1123,frame_01123.jpg,Crossing,2,1039,644,1099,748,6
1124,frame_01124.jpg,Crossing,2,1037,644,1099,748,6
1125,frame_01125.jpg,Crossing,2,1035,643,1098,749,6
1126,frame_01126.jpg,Crossing,2,1033,643,1097,750,6
1127,frame_01127.jpg,Crossing,2,1032,643,1097,751,6
1128,frame_01128.jpg,Crossing,2,1030,642,1096,751,6
1129,frame_01129.jpg,Crossing,2,1028,642,1095,752,6
1130,frame_01130.jpg,Crossing,2,1026,641,1095,753,6
1131,frame_01131.jpg,Crossing,2,1024,641,1094,753,6
1132,frame_01132.jpg,Crossing,2,1023,641,1093,754,6
1133,frame_01133.jpg,Crossing,2,1021,640,1093,755,6
1134,frame_01134.jpg,Crossing,2,1019,640,1092,756,6
1135,frame_01135.jpg,Crossing,2,1017,639,1091,756,6
1136,frame_01136.jpg,Crossing,2,1015,639,1091,757,6
1137,frame_01137.jpg,Crossing,2,1013,639,1090,758,6
1138,frame_01138.jpg,Crossing,2,1012,638,1089,758,6
1139,frame_01139.jpg,Crossing,2,1010,638,1089,759,6
1140,frame_01140.jpg,Crossing,2,1008,637,1088,760,6
1141,frame_01141.jpg,Crossing,2,1006,637,1087,761,6
1142,frame_01142.jpg,Crossing,2,1004,637,1087,761,6
1143,frame_01143.jpg,Crossing,2,1003,636,1086,762,6
1144,frame_01144.jpg,Crossing,2,1001,636,1085,763,6
1145,frame_01145.jpg,Crossing,2,999,635,1085,764,6
1146,frame_01146.jpg,Crossing,2,993,634,1080,765,6
1147,frame_01147.jpg,Crossing,2,988,633,1076,766,6
1148,frame_01148.jpg,Crossing,2,982,632,1071,767,6
1149,frame_01149.jpg,Crossing,2,976,630,1067,768,6
1150,frame_01150.jpg,Crossing,2,970,629,1062,769,6
1151,frame_01151.jpg,Crossing,2,964,628,1058,770,6
1152,frame_01152.jpg,Crossing,2,959,627,1053,771,6
1153,frame_01153.jpg,Crossing,2,953,625,1049,772,6
1154,frame_01154.jpg,Crossing,2,947,624,1044,773,6
1155,frame_01155.jpg,Crossing,2,941,623,1040,774,6
1156,frame_01156.jpg,Crossing,2,936,622,1035,775,6
1157,frame_01157.jpg,Crossing,2,930,621,1031,776,6
1158,frame_01158.jpg,Crossing,2,924,619,1027,778,6
1159,frame_01159.jpg,Crossing,2,918,618,1022,779,6
1160,frame_01160.jpg,Crossing,2,913,617,1018,780,6
1161,frame_01161.jpg,Crossing,2,907,616,1013,781,6
1162,frame_01162.jpg,Crossing,2,901,614,1009,782,6
1163,frame_01163.jpg,Crossing,2,895,613,1004,783,6
1164,frame_01164.jpg,Crossing,2,887,612,999,786,6
1165,frame_01165.jpg,Crossing,2,879,610,993,789,6
1166,frame_01166.jpg,Crossing,2,870,609,987,792,6
1167,frame_01167.jpg,Crossing,2,862,607,982,795,6
1168,frame_01168.jpg,Crossing,2,854,606,976,798,6
1169,frame_01169.jpg,Crossing,2,845,604,971,801,6
1170,frame_01170.jpg,Crossing,2,837,603,965,803,6
1171,frame_01171.jpg,Crossing,2,828,602,959,806,6
1172,frame_01172.jpg,Crossing,2,820,600,954,809,6
1173,frame_01173.jpg,Crossing,2,812,599,948,812,6
1174,frame_01174.jpg,Crossing,2,803,597,942,815,6
1175,frame_01175.jpg,Crossing,2,795,596,937,818,6
1176,frame_01176.jpg,Crossing,2,787,594,931,821,6
1177,frame_01177.jpg,Crossing,2,778,593,926,824,6
1178,frame_01178.jpg,Crossing,2,770,591,920,827,6
1179,frame_01179.jpg,Crossing,2,751,589,904,829,6
1180,frame_01180.jpg,Crossing,2,733,587,889,832,6
1181,frame_01181.jpg,Crossing,2,714,585,873,834,6
1182,frame_01182.jpg,Crossing,2,696,583,857,837,6
1183,frame_01183.jpg,Crossing,2,677,581,841,839,6
1184,frame_01184.jpg,Crossing,2,659,578,826,841,6
1185,frame_01185.jpg,Crossing,2,640,576,810,844,6
1186,frame_01186.jpg,Crossing,2,622,574,794,846,6
1187,frame_01187.jpg,Crossing,2,603,572,779,849,6
1188,frame_01188.jpg,Crossing,2,585,570,763,851,6
1189,frame_01189.jpg,Crossing,2,566,568,747,853,6
1190,frame_01190.jpg,Crossing,2,548,566,731,856,6
1191,frame_01191.jpg,Crossing,2,529,564,716,858,6
1192,frame_01192.jpg,Crossing,2,511,561,700,861,6
1193,frame_01193.jpg,Crossing,2,474,554,673,869,6
1194,frame_01194.jpg,Crossing,2,437,547,647,877,6
1195,frame_01195.jpg,Crossing,2,401,539,620,885,6
1196,frame_01196.jpg,Crossing,2,364,532,594,893,6
1197,frame_01197.jpg,Crossing,2,327,525,568,901,6
1198,frame_01198.jpg,Crossing,2,291,517,541,909,6
1199,frame_01199.jpg,Crossing,2,254,510,515,917,6
1200,frame_01200.jpg,Crossing,2,217,503,488,925,6
2150,frame_02150.jpg,Standing,1,1402,603,1509,787,7
2151,frame_02151.jpg,Standing,1,1411,602,1520,787,7
2152,frame_02152.jpg,Standing,1,1421,601,1531,788,7
2153,frame_02153.jpg,Standing,1,1431,600,1542,789,7
2154,frame_02154.jpg,Standing,1,1440,599,1553,790,7
2155,frame_02155.jpg,Standing,1,1450,597,1565,790,7
2156,frame_02156.jpg,Standing,1,1460,596,1576,791,7
2157,frame_02157.jpg,Standing,1,1469,595,1587,792,7
2158,frame_02158.jpg,Standing,1,1479,594,1598,792,7
2159,frame_02159.jpg,Standing,1,1489,593,1609,793,7
2160,frame_02160.jpg,Standing,1,1498,592,1620,794,7
2161,frame_02161.jpg,Standing,1,1508,591,1631,794,7
2162,frame_02162.jpg,Standing,1,1518,590,1642,795,7
2163,frame_02163.jpg,Standing,1,1527,589,1653,796,7
2164,frame_02164.jpg,Standing,1,1542,587,1670,800,7
2165,frame_02165.jpg,Standing,1,1557,586,1688,803,7
2166,frame_02166.jpg,Standing,1,1572,584,1705,807,7
2167,frame_02167.jpg,Standing,1,1586,583,1723,811,7
2168,frame_02168.jpg,Standing,1,1601,581,1740,814,7
2169,frame_02169.jpg,Standing,1,1616,580,1758,818,7
2170,frame_02170.jpg,Standing,1,1630,578,1775,822,7
2171,frame_02171.jpg,Standing,1,1645,577,1793,826,7
2172,frame_02172.jpg,Standing,1,1667,573,1816,826,7
2173,frame_02173.jpg,Standing,1,1690,569,1839,826,7
2174,frame_02174.jpg,Standing,1,1712,565,1861,826,7
2175,frame_02175.jpg,Standing,1,1734,561,1884,826,7
2176,frame_02176.jpg,Walking,0,1321,613,1393,747,8
2177,frame_02177.jpg,Walking,0,1329,614,1400,748,8
2178,frame_02178.jpg,Walking,0,1336,614,1408,749,8
2179,frame_02179.jpg,Walking,0,1343,615,1416,751,8
2180,frame_02180.jpg,Walking,0,1351,615,1424,752,8
2181,frame_02181.jpg,Walking,0,1358,615,1432,753,8
2182,frame_02182.jpg,Walking,0,1365,616,1439,754,8
2183,frame_02183.jpg,Walking,0,1373,616,1447,756,8
2184,frame_02184.jpg,Walking,0,1380,617,1455,757,8
2185,frame_02185.jpg,Walking,0,1387,617,1463,758,8
2186,frame_02186.jpg,Walking,0,1395,618,1470,760,8
2187,frame_02187.jpg,Walking,0,1402,618,1478,761,8
2188,frame_02188.jpg,Walking,0,1409,618,1486,762,8
2189,frame_02189.jpg,Walking,0,1419,619,1495,763,8
2190,frame_02190.jpg,Walking,0,1429,619,1505,763,8
2191,frame_02191.jpg,Walking,0,1438,620,1515,764,8
2192,frame_02192.jpg,Walking,0,1448,620,1524,764,8
2193,frame_02193.jpg,Walking,0,1457,621,1534,765,8
2194,frame_02194.jpg,Walking,0,1467,621,1543,765,8
2195,frame_02195.jpg,Walking,0,1476,622,1553,766,8
2196,frame_02196.jpg,Walking,0,1486,622,1562,766,8
2197,frame_02197.jpg,Walking,0,1501,621,1579,769,8
2198,frame_02198.jpg,Walking,0,1515,620,1596,773,8
2199,frame_02199.jpg,Walking,0,1530,618,1613,776,8
2200,frame_02200.jpg,Walking,0,1545,617,1630,779,8
2201,frame_02201.jpg,Walking,0,1560,616,1647,783,8
2202,frame_02202.jpg,Walking,0,1575,615,1664,786,8
2203,frame_02203.jpg,Walking,0,1589,613,1681,789,8
2204,frame_02204.jpg,Walking,0,1604,612,1698,793,8
2205,frame_02205.jpg,Walking,0,1619,611,1715,796,8
2206,frame_02206.jpg,Walking,0,1634,609,1733,799,8
2207,frame_02207.jpg,Walking,0,1649,608,1750,803,8
2208,frame_02208.jpg,Walking,0,1663,607,1767,806,8
2209,frame_02209.jpg,Walking,0,1678,605,1784,809,8
2731,frame_02731.jpg,Walking,0,1447,648,1535,817,9
2732,frame_02732.jpg,Walking,0,1459,648,1547,816,9
2733,frame_02733.jpg,Walking,0,1471,648,1559,816,9
2734,frame_02734.jpg,Walking,0,1483,647,1571,816,9
2735,frame_02735.jpg,Walking,0,1495,647,1583,815,9
2736,frame_02736.jpg,Walking,0,1508,647,1596,815,9
2737,frame_02737.jpg,Walking,0,1520,646,1608,815,9
2738,frame_02738.jpg,Walking,0,1532,646,1620,814,9
2739,frame_02739.jpg,Walking,0,1544,646,1632,814,9
2740,frame_02740.jpg,Walking,0,1556,645,1644,814,9
2741,frame_02741.jpg,Walking,0,1568,645,1656,813,9
2742,frame_02742.jpg,Walking,0,1580,645,1668,813,9
2743,frame_02743.jpg,Walking,0,1592,644,1680,813,9
2744,frame_02744.jpg,Walking,0,1609,644,1701,817,9
2745,frame_02745.jpg,Walking,0,1625,643,1722,822,9
2746,frame_02746.jpg,Walking,0,1642,643,1742,826,9
2747,frame_02747.jpg,Walking,0,1659,642,1763,831,9
2748,frame_02748.jpg,Walking,0,1675,642,1784,835,9
2749,frame_02749.jpg,Walking,0,1692,642,1805,840,9
2750,frame_02750.jpg,Walking,0,1708,641,1825,844,9
2751,frame_02751.jpg,Walking,0,1725,641,1846,848,9
2752,frame_02752.jpg,Walking,0,1742,640,1867,853,9
2753,frame_02753.jpg,Walking,0,1758,640,1887,857,9
2820,frame_02820.jpg,Walking,0,1257,639,1311,722,10
2821,frame_02821.jpg,Walking,0,1260,639,1314,722,10
2822,frame_02822.jpg,Walking,0,1263,640,1317,722,10
2823,frame_02823.jpg,Walking,0,1266,640,1320,723,10
2824,frame_02824.jpg,Walking,0,1269,640,1323,723,10
2825,frame_02825.jpg,Walking,0,1272,640,1326,723,10
2826,frame_02826.jpg,Walking,0,1275,640,1329,723,10
2827,frame_02827.jpg,Walking,0,1278,640,1332,723,10
2828,frame_02828.jpg,Walking,0,1281,641,1336,724,10
2829,frame_02829.jpg,Walking,0,1284,641,1339,724,10
2830,frame_02830.jpg,Walking,0,1287,641,1342,724,10
2831,frame_02831.jpg,Walking,0,1290,641,1345,724,10
2832,frame_02832.jpg,Walking,0,1293,641,1348,724,10
2833,frame_02833.jpg,Walking,0,1296,642,1351,724,10
2834,frame_02834.jpg,Walking,0,1299,642,1354,725,10
2835,frame_02835.jpg,Walking,0,1303,642,1357,725,10
2836,frame_02836.jpg,Walking,0,1306,642,1360,725,10
2837,frame_02837.jpg,Walking,0,1309,642,1363,725,10
2838,frame_02838.jpg,Walking,0,1312,642,1366,725,10
2839,frame_02839.jpg,Walking,0,1315,643,1369,726,10
2840,frame_02840.jpg,Walking,0,1318,643,1372,726,10
2841,frame_02841.jpg,Walking,0,1321,643,1375,726,10
2842,frame_02842.jpg,Walking,0,1324,643,1378,726,10
2843,frame_02843.jpg,Walking,0,1327,643,1381,726,10
2844,frame_02844.jpg,Walking,0,1330,644,1384,726,10
2845,frame_02845.jpg,Walking,0,1333,644,1387,727,10
2846,frame_02846.jpg,Walking,0,1336,644,1390,727,10
2847,frame_02847.jpg,Walking,0,1339,644,1394,727,10
2848,frame_02848.jpg,Walking,0,1342,644,1397,727,10
2849,frame_02849.jpg,Walking,0,1346,644,1402,728,10
2850,frame_02850.jpg,Walking,0,1350,644,1407,729,10
2851,frame_02851.jpg,Walking,0,1354,643,1413,730,10
2852,frame_02852.jpg,Walking,0,1358,643,1418,731,10
2853,frame_02853.jpg,Walking,0,1363,642,1424,732,10
2854,frame_02854.jpg,Walking,0,1367,642,1429,733,10
2855,frame_02855.jpg,Walking,0,1371,642,1435,735,10
2856,frame_02856.jpg,Walking,0,1375,641,1440,736,10
2857,frame_02857.jpg,Walking,0,1379,641,1445,737,10
2858,frame_02858.jpg,Walking,0,1383,641,1451,738,10
2859,frame_02859.jpg,Walking,0,1387,640,1456,739,10
2860,frame_02860.jpg,Walking,0,1391,640,1462,740,10
2861,frame_02861.jpg,Walking,0,1395,640,1467,741,10
2862,frame_02862.jpg,Walking,0,1399,639,1473,742,10
2863,frame_02863.jpg,Walking,0,1403,639,1478,743,10
2864,frame_02864.jpg,Walking,0,1407,638,1483,744,10
2865,frame_02865.jpg,Walking,0,1411,638,1489,745,10
2866,frame_02866.jpg,Walking,0,1415,638,1494,746,10
2867,frame_02867.jpg,Walking,0,1420,637,1500,747,10
2868,frame_02868.jpg,Walking,0,1424,637,1505,748,10
2869,frame_02869.jpg,Walking,0,1428,637,1511,749,10
2870,frame_02870.jpg,Walking,0,1435,636,1519,751,10
2871,frame_02871.jpg,Walking,0,1443,634,1528,753,10
2872,frame_02872.jpg,Walking,0,1451,633,1536,754,10
2873,frame_02873.jpg,Walking,0,1458,632,1545,756,10
2874,frame_02874.jpg,Walking,0,1466,631,1553,758,10
2875,frame_02875.jpg,Walking,0,1473,630,1562,760,10
2876,frame_02876.jpg,Walking,0,1481,629,1570,761,10
2877,frame_02877.jpg,Walking,0,1489,628,1579,763,10
2878,frame_02878.jpg,Walking,0,1496,627,1587,765,10
2879,frame_02879.jpg,Walking,0,1504,626,1596,767,10
2880,frame_02880.jpg,Walking,0,1511,625,1604,768,10
2881,frame_02881.jpg,Walking,0,1519,624,1613,770,10
2882,frame_02882.jpg,Walking,0,1527,623,1621,772,10
2883,frame_02883.jpg,Walking,0,1534,622,1630,774,10
2884,frame_02884.jpg,Walking,0,1542,621,1638,775,10
2885,frame_02885.jpg,Walking,0,1550,620,1647,777,10
2886,frame_02886.jpg,Walking,0,1557,618,1656,779,10
2887,frame_02887.jpg,Walking,0,1572,618,1672,781,10
2888,frame_02888.jpg,Walking,0,1588,617,1689,784,10
2889,frame_02889.jpg,Walking,0,1603,616,1706,786,10
2890,frame_02890.jpg,Walking,0,1619,615,1723,788,10
2891,frame_02891.jpg,Walking,0,1634,614,1740,790,10
2892,frame_02892.jpg,Walking,0,1649,613,1757,793,10
2893,frame_02893.jpg,Walking,0,1665,612,1773,795,10
2894,frame_02894.jpg,Walking,0,1680,611,1790,797,10
2895,frame_02895.jpg,Walking,0,1695,610,1807,800,10
2896,frame_02896.jpg,Walking,0,1711,609,1824,802,10
2897,frame_02897.jpg,Walking,0,1726,609,1841,804,10
2898,frame_02898.jpg,Walking,0,1741,608,1858,807,10
2921,frame_02921.jpg,Walking,0,1329,656,1382,751,11
2922,frame_02922.jpg,Walking,0,1335,655,1388,751,11
2923,frame_02923.jpg,Walking,0,1340,655,1395,752,11
2924,frame_02924.jpg,Walking,0,1345,654,1401,752,11
2925,frame_02925.jpg,Walking,0,1351,653,1407,753,11
2926,frame_02926.jpg,Walking,0,1356,653,1413,754,11
2927,frame_02927.jpg,Walking,0,1361,652,1419,754,11
2928,frame_02928.jpg,Walking,0,1367,651,1425,755,11
2929,frame_02929.jpg,Walking,0,1372,651,1431,755,11
2930,frame_02930.jpg,Walking,0,1378,650,1437,756,11
2931,frame_02931.jpg,Walking,0,1383,649,1443,757,11
2932,frame_02932.jpg,Walking,0,1388,649,1449,757,11
2933,frame_02933.jpg,Walking,0,1394,648,1456,758,11
2934,frame_02934.jpg,Walking,0,1399,647,1462,759,11
2935,frame_02935.jpg,Walking,0,1404,646,1468,759,11
2936,frame_02936.jpg,Walking,0,1410,646,1474,760,11
2937,frame_02937.jpg,Walking,0,1415,645,1480,760,11
2938,frame_02938.jpg,Walking,0,1420,644,1486,761,11
2939,frame_02939.jpg,Walking,0,1426,644,1492,762,11
2940,frame_02940.jpg,Walking,0,1431,643,1498,762,11
2941,frame_02941.jpg,Walking,0,1437,642,1504,763,11
2942,frame_02942.jpg,Walking,0,1442,642,1511,764,11
2943,frame_02943.jpg,Walking,0,1451,641,1520,765,11
2944,frame_02944.jpg,Walking,0,1460,641,1529,766,11
2945,frame_02945.jpg,Walking,0,1469,640,1539,768,11
2946,frame_02946.jpg,Walking,0,1478,639,1548,769,11
2947,frame_02947.jpg,Walking,0,1488,639,1557,771,11
2948,frame_02948.jpg,Walking,0,1497,638,1567,772,11
2949,frame_02949.jpg,Walking,0,1506,638,1576,774,11
2950,frame_02950.jpg,Walking,0,1515,637,1586,775,11
2951,frame_02951.jpg,Walking,0,1524,637,1595,777,11
2952,frame_02952.jpg,Walking,0,1533,636,1604,778,11
2953,frame_02953.jpg,Walking,0,1543,636,1614,780,11
2954,frame_02954.jpg,Walking,0,1552,635,1623,781,11
2955,frame_02955.jpg,Walking,0,1561,634,1633,782,11
2956,frame_02956.jpg,Walking,0,1570,634,1642,784,11
2957,frame_02957.jpg,Walking,0,1579,633,1651,785,11
2958,frame_02958.jpg,Walking,0,1588,633,1661,787,11
2959,frame_02959.jpg,Walking,0,1600,631,1674,789,11
2960,frame_02960.jpg,Walking,0,1613,630,1688,790,11
2961,frame_02961.jpg,Walking,0,1625,628,1701,792,11
2962,frame_02962.jpg,Walking,0,1637,627,1715,794,11
2963,frame_02963.jpg,Walking,0,1649,625,1728,795,11
2964,frame_02964.jpg,Walking,0,1662,624,1742,797,11
2965,frame_02965.jpg,Walking,0,1674,623,1755,799,11
2966,frame_02966.jpg,Walking,0,1686,621,1769,801,11
3049,frame_03049.jpg,Crossing,2,1456,587,1579,782,12
3050,frame_03050.jpg,Crossing,2,1469,586,1593,784,12
3051,frame_03051.jpg,Crossing,2,1483,584,1607,787,12
3052,frame_03052.jpg,Crossing,2,1496,582,1621,789,12
3053,frame_03053.jpg,Crossing,2,1510,580,1635,792,12
3054,frame_03054.jpg,Crossing,2,1523,578,1649,794,12
3055,frame_03055.jpg,Crossing,2,1536,576,1662,797,12
3056,frame_03056.jpg,Crossing,2,1550,574,1676,799,12
3057,frame_03057.jpg,Crossing,2,1563,573,1690,802,12
3058,frame_03058.jpg,Crossing,2,1576,571,1704,804,12
3059,frame_03059.jpg,Crossing,2,1590,569,1718,807,12
3060,frame_03060.jpg,Crossing,2,1603,567,1732,809,12
3061,frame_03061.jpg,Crossing,2,1617,565,1746,812,12
3062,frame_03062.jpg,Crossing,2,1630,563,1760,814,12
3063,frame_03063.jpg,Crossing,2,1643,561,1773,817,12
3064,frame_03064.jpg,Crossing,2,1657,560,1787,820,12
3065,frame_03065.jpg,Crossing,2,1670,558,1801,822,12
3066,frame_03066.jpg,Crossing,2,1684,556,1815,825,12
3067,frame_03067.jpg,Crossing,2,1697,554,1829,827,12
3068,frame_03068.jpg,Crossing,2,1710,552,1843,830,12
3069,frame_03069.jpg,Crossing,2,1724,550,1857,832,12
3240,frame_03240.jpg,Crossing,2,1207,622,1283,753,13
3241,frame_03241.jpg,Crossing,2,1208,622,1284,754,13
3242,frame_03242.jpg,Crossing,2,1210,623,1286,754,13
3243,frame_03243.jpg,Crossing,2,1211,623,1287,755,13
3244,frame_03244.jpg,Crossing,2,1212,623,1289,756,13
3245,frame_03245.jpg,Crossing,2,1213,623,1290,756,13
3246,frame_03246.jpg,Crossing,2,1214,623,1292,757,13
3247,frame_03247.jpg,Crossing,2,1215,623,1293,758,13
3248,frame_03248.jpg,Crossing,2,1216,623,1295,758,13
3249,frame_03249.jpg,Crossing,2,1217,623,1296,759,13
3250,frame_03250.jpg,Crossing,2,1218,623,1298,760,13
3251,frame_03251.jpg,Crossing,2,1219,623,1299,761,13
3252,frame_03252.jpg,Crossing,2,1220,624,1301,761,13
3253,frame_03253.jpg,Crossing,2,1222,624,1302,762,13
3254,frame_03254.jpg,Crossing,2,1223,624,1304,763,13
3255,frame_03255.jpg,Crossing,2,1224,624,1305,763,13
3256,frame_03256.jpg,Crossing,2,1225,624,1307,764,13
3257,frame_03257.jpg,Crossing,2,1226,624,1308,765,13
3258,frame_03258.jpg,Crossing,2,1227,624,1310,765,13
3259,frame_03259.jpg,Crossing,2,1228,624,1311,766,13
3260,frame_03260.jpg,Crossing,2,1229,624,1313,767,13
3261,frame_03261.jpg,Crossing,2,1230,625,1314,767,13
3262,frame_03262.jpg,Crossing,2,1231,625,1316,768,13
3263,frame_03263.jpg,Crossing,2,1232,625,1317,769,13
3264,frame_03264.jpg,Crossing,2,1233,625,1319,769,13
3265,frame_03265.jpg,Crossing,2,1235,625,1320,770,13
3266,frame_03266.jpg,Crossing,2,1236,624,1323,771,13
3267,frame_03267.jpg,Crossing,2,1238,623,1326,773,13
3268,frame_03268.jpg,Crossing,2,1240,623,1329,774,13
3269,frame_03269.jpg,Crossing,2,1241,622,1331,776,13
3270,frame_03270.jpg,Crossing,2,1243,621,1334,777,13
3271,frame_03271.jpg,Crossing,2,1245,621,1337,779,13
3272,frame_03272.jpg,Crossing,2,1247,620,1340,780,13
3273,frame_03273.jpg,Crossing,2,1248,619,1342,782,13
3274,frame_03274.jpg,Crossing,2,1250,618,1345,783,13
3275,frame_03275.jpg,Crossing,2,1252,618,1348,785,13
3276,frame_03276.jpg,Crossing,2,1254,617,1351,786,13
3277,frame_03277.jpg,Crossing,2,1255,616,1354,788,13
3278,frame_03278.jpg,Crossing,2,1257,616,1356,789,13
3279,frame_03279.jpg,Crossing,2,1259,615,1359,791,13
3280,frame_03280.jpg,Crossing,2,1260,614,1362,792,13
3281,frame_03281.jpg,Crossing,2,1262,613,1365,794,13
3282,frame_03282.jpg,Crossing,2,1264,613,1367,795,13
3283,frame_03283.jpg,Crossing,2,1266,612,1370,797,13
3284,frame_03284.jpg,Crossing,2,1267,611,1373,798,13
3285,frame_03285.jpg,Crossing,2,1269,611,1376,800,13
3286,frame_03286.jpg,Crossing,2,1271,610,1379,801,13
3287,frame_03287.jpg,Crossing,2,1273,609,1381,803,13
3288,frame_03288.jpg,Crossing,2,1274,608,1384,804,13
3289,frame_03289.jpg,Crossing,2,1276,608,1387,806,13
3290,frame_03290.jpg,Crossing,2,1278,607,1390,807,13
3291,frame_03291.jpg,Crossing,2,1279,606,1393,809,13
3292,frame_03292.jpg,Crossing,2,1281,605,1395,810,13
3293,frame_03293.jpg,Crossing,2,1282,604,1398,812,13
3294,frame_03294.jpg,Crossing,2,1284,603,1400,814,13
3295,frame_03295.jpg,Crossing,2,1285,602,1403,816,13
3296,frame_03296.jpg,Crossing,2,1286,601,1405,818,13
3297,frame_03297.jpg,Crossing,2,1288,600,1407,820,13
3298,frame_03298.jpg,Crossing,2,1289,598,1410,822,13
3299,frame_03299.jpg,Crossing,2,1290,597,1412,824,13
3300,frame_03300.jpg,Crossing,2,1292,596,1415,826,13
3301,frame_03301.jpg,Crossing,2,1293,595,1417,827,13
3302,frame_03302.jpg,Crossing,2,1294,594,1419,829,13
3303,frame_03303.jpg,Crossing,2,1295,593,1422,831,13
3304,frame_03304.jpg,Crossing,2,1297,591,1424,833,13
3305,frame_03305.jpg,Crossing,2,1298,590,1427,835,13
3306,frame_03306.jpg,Crossing,2,1299,589,1429,837,13
3307,frame_03307.jpg,Crossing,2,1301,588,1432,839,13
3308,frame_03308.jpg,Crossing,2,1302,587,1434,841,13
3309,frame_03309.jpg,Crossing,2,1303,585,1436,843,13
3310,frame_03310.jpg,Crossing,2,1305,584,1439,845,13
3311,frame_03311.jpg,Crossing,2,1306,583,1441,847,13
3312,frame_03312.jpg,Crossing,2,1307,582,1444,849,13
3313,frame_03313.jpg,Crossing,2,1308,581,1446,851,13
3314,frame_03314.jpg,Crossing,2,1310,580,1448,853,13
3315,frame_03315.jpg,Crossing,2,1311,578,1451,855,13
3316,frame_03316.jpg,Crossing,2,1312,577,1453,857,13
3317,frame_03317.jpg,Crossing,2,1314,576,1456,859,13
3318,frame_03318.jpg,Crossing,2,1315,575,1458,860,13
3319,frame_03319.jpg,Crossing,2,1316,574,1460,862,13
3320,frame_03320.jpg,Crossing,2,1317,573,1463,864,13
3321,frame_03321.jpg,Crossing,2,1319,571,1465,866,13
3322,frame_03322.jpg,Crossing,2,1320,570,1468,868,13
3323,frame_03323.jpg,Crossing,2,1321,569,1470,870,13
3324,frame_03324.jpg,Crossing,2,1323,568,1473,872,13
3325,frame_03325.jpg,Crossing,2,1324,567,1475,874,13
3326,frame_03326.jpg,Crossing,2,1325,565,1477,876,13
3327,frame_03327.jpg,Crossing,2,1327,564,1480,878,13
3328,frame_03328.jpg,Crossing,2,1328,563,1482,880,13
3329,frame_03329.jpg,Crossing,2,1329,562,1485,882,13
3330,frame_03330.jpg,Crossing,2,1330,561,1487,884,13
3331,frame_03331.jpg,Crossing,2,1332,560,1489,886,13
3332,frame_03332.jpg,Crossing,2,1333,558,1492,888,13
3333,frame_03333.jpg,Crossing,2,1334,557,1494,890,13
3334,frame_03334.jpg,Crossing,2,1336,556,1497,892,13
3335,frame_03335.jpg,Crossing,2,1337,555,1499,893,13
3336,frame_03336.jpg,Crossing,2,1338,554,1502,895,13
3337,frame_03337.jpg,Crossing,2,1336,551,1501,897,13
3338,frame_03338.jpg,Crossing,2,1333,547,1501,899,13
3339,frame_03339.jpg,Crossing,2,1331,544,1501,900,13
3340,frame_03340.jpg,Crossing,2,1329,541,1501,902,13
3341,frame_03341.jpg,Crossing,2,1326,538,1501,903,13
3342,frame_03342.jpg,Crossing,2,1324,535,1501,905,13
3343,frame_03343.jpg,Crossing,2,1321,532,1501,906,13
3344,frame_03344.jpg,Crossing,2,1319,528,1501,908,13
3345,frame_03345.jpg,Crossing,2,1316,525,1501,909,13
3346,frame_03346.jpg,Crossing,2,1314,522,1501,911,13
3347,frame_03347.jpg,Crossing,2,1312,519,1501,913,13
3348,frame_03348.jpg,Crossing,2,1309,516,1501,914,13
3349,frame_03349.jpg,Crossing,2,1307,513,1501,916,13
3350,frame_03350.jpg,Crossing,2,1304,510,1501,917,13
3351,frame_03351.jpg,Crossing,2,1302,506,1501,919,13
3352,frame_03352.jpg,Crossing,2,1299,503,1501,920,13
3353,frame_03353.jpg,Crossing,2,1297,500,1501,922,13
3354,frame_03354.jpg,Crossing,2,1295,497,1501,924,13
3355,frame_03355.jpg,Crossing,2,1292,494,1501,925,13
3356,frame_03356.jpg,Crossing,2,1290,491,1501,927,13
3357,frame_03357.jpg,Crossing,2,1287,487,1501,928,13
3358,frame_03358.jpg,Crossing,2,1285,484,1501,930,13
3359,frame_03359.jpg,Crossing,2,1282,481,1501,931,13
3360,frame_03360.jpg,Crossing,2,1280,478,1501,933,13
3361,frame_03361.jpg,Crossing,2,1278,475,1501,934,13
3362,frame_03362.jpg,Crossing,2,1275,472,1501,936,13
3363,frame_03363.jpg,Crossing,2,1273,469,1501,938,13
3364,frame_03364.jpg,Crossing,2,1270,465,1501,939,13
3365,frame_03365.jpg,Crossing,2,1268,462,1501,941,13
3366,frame_03366.jpg,Crossing,2,1266,459,1501,942,13
3367,frame_03367.jpg,Crossing,2,1263,456,1500,944,13
3368,frame_03368.jpg,Crossing,2,1261,453,1500,945,13
3369,frame_03369.jpg,Crossing,2,1258,450,1500,947,13
3370,frame_03370.jpg,Crossing,2,1256,446,1500,948,13
3371,frame_03371.jpg,Crossing,2,1253,443,1500,950,13
3372,frame_03372.jpg,Crossing,2,1251,440,1500,952,13
3373,frame_03373.jpg,Crossing,2,1249,437,1500,953,13
3374,frame_03374.jpg,Crossing,2,1246,434,1500,955,13
3375,frame_03375.jpg,Crossing,2,1244,431,1500,956,13
3376,frame_03376.jpg,Crossing,2,1223,429,1479,954,13
3377,frame_03377.jpg,Crossing,2,1202,427,1458,953,13
3378,frame_03378.jpg,Crossing,2,1181,425,1437,951,13
3379,frame_03379.jpg,Crossing,2,1160,423,1416,949,13
3380,frame_03380.jpg,Crossing,2,1139,421,1395,947,13
3381,frame_03381.jpg,Crossing,2,1118,420,1374,945,13
3382,frame_03382.jpg,Crossing,2,1097,418,1353,943,13
3383,frame_03383.jpg,Crossing,2,1076,416,1333,941,13
3384,frame_03384.jpg,Crossing,2,1055,414,1312,940,13
3385,frame_03385.jpg,Crossing,2,1034,412,1291,938,13
3386,frame_03386.jpg,Crossing,2,1013,410,1270,936,13
3387,frame_03387.jpg,Crossing,2,992,408,1249,934,13
3388,frame_03388.jpg,Crossing,2,971,406,1228,932,13
3389,frame_03389.jpg,Crossing,2,950,405,1207,930,13
3390,frame_03390.jpg,Crossing,2,929,403,1186,928,13
3391,frame_03391.jpg,Crossing,2,908,401,1165,927,13
3392,frame_03392.jpg,Crossing,2,873,395,1132,927,13
3393,frame_03393.jpg,Crossing,2,837,389,1100,928,13
3394,frame_03394.jpg,Crossing,2,802,383,1068,929,13
3395,frame_03395.jpg,Crossing,2,766,378,1035,930,13
3396,frame_03396.jpg,Crossing,2,731,372,1003,931,13
3397,frame_03397.jpg,Crossing,2,696,366,971,931,13
3398,frame_03398.jpg,Crossing,2,660,360,938,932,13
3427,frame_03427.jpg,Crossing,2,713,692,783,801,14
3428,frame_03428.jpg,Crossing,2,715,691,785,800,14
3429,frame_03429.jpg,Crossing,2,717,690,787,798,14
3430,frame_03430.jpg,Crossing,2,719,688,788,797,14
3431,frame_03431.jpg,Crossing,2,720,687,790,796,14
3432,frame_03432.jpg,Crossing,2,722,686,792,795,14
3433,frame_03433.jpg,Crossing,2,724,684,794,793,14
3434,frame_03434.jpg,Crossing,2,726,683,796,792,14
3435,frame_03435.jpg,Crossing,2,728,682,798,791,14
3436,frame_03436.jpg,Crossing,2,730,681,800,789,14
3437,frame_03437.jpg,Crossing,2,732,679,802,788,14
3438,frame_03438.jpg,Crossing,2,734,678,804,787,14
3439,frame_03439.jpg,Crossing,2,736,677,805,785,14
3440,frame_03440.jpg,Crossing,2,737,675,807,784,14
3441,frame_03441.jpg,Crossing,2,739,673,809,782,14
3442,frame_03442.jpg,Crossing,2,741,671,811,781,14
3443,frame_03443.jpg,Crossing,2,743,669,813,779,14
3444,frame_03444.jpg,Crossing,2,744,667,815,777,14
3445,frame_03445.jpg,Crossing,2,746,665,817,776,14
3446,frame_03446.jpg,Crossing,2,748,662,819,774,14
3447,frame_03447.jpg,Crossing,2,750,660,821,772,14
3448,frame_03448.jpg,Crossing,2,751,658,822,770,14
3449,frame_03449.jpg,Crossing,2,753,656,824,769,14
3450,frame_03450.jpg,Crossing,2,755,654,826,767,14
3451,frame_03451.jpg,Crossing,2,756,652,828,765,14
3452,frame_03452.jpg,Crossing,2,758,650,830,764,14
3453,frame_03453.jpg,Crossing,2,760,647,832,762,14
3454,frame_03454.jpg,Crossing,2,762,645,834,760,14
3455,frame_03455.jpg,Crossing,2,763,643,836,758,14
3456,frame_03456.jpg,Crossing,2,765,641,838,757,14
3457,frame_03457.jpg,Crossing,2,767,639,839,755,14
3458,frame_03458.jpg,Crossing,2,769,637,841,753,14
3459,frame_03459.jpg,Crossing,2,770,634,843,751,14
3460,frame_03460.jpg,Crossing,2,772,632,845,750,14
3461,frame_03461.jpg,Crossing,2,774,630,847,748,14
3462,frame_03462.jpg,Crossing,2,775,628,849,746,14
3463,frame_03463.jpg,Crossing,2,777,626,851,745,14
3464,frame_03464.jpg,Crossing,2,779,624,853,743,14
3465,frame_03465.jpg,Crossing,2,780,623,854,742,14
3466,frame_03466.jpg,Crossing,2,782,622,855,742,14
3467,frame_03467.jpg,Crossing,2,783,622,857,741,14
3468,frame_03468.jpg,Crossing,2,784,621,858,740,14
3469,frame_03469.jpg,Crossing,2,786,620,860,740,14
3470,frame_03470.jpg,Crossing,2,787,620,861,739,14
3471,frame_03471.jpg,Crossing,2,788,619,862,738,14
3472,frame_03472.jpg,Crossing,2,790,618,864,738,14
3473,frame_03473.jpg,Crossing,2,791,618,865,737,14
3474,frame_03474.jpg,Crossing,2,793,617,866,736,14
3475,frame_03475.jpg,Crossing,2,794,616,868,736,14
3476,frame_03476.jpg,Crossing,2,795,616,869,735,14
3477,frame_03477.jpg,Crossing,2,797,615,870,734,14
3478,frame_03478.jpg,Crossing,2,798,615,872,734,14
3479,frame_03479.jpg,Crossing,2,799,614,873,733,14
3480,frame_03480.jpg,Crossing,2,801,613,875,732,14
3481,frame_03481.jpg,Crossing,2,802,613,876,732,14
3482,frame_03482.jpg,Crossing,2,803,612,877,731,14
3483,frame_03483.jpg,Crossing,2,804,612,878,732,14
3484,frame_03484.jpg,Crossing,2,805,612,879,733,14
3485,frame_03485.jpg,Crossing,2,805,613,880,734,14
3486,frame_03486.jpg,Crossing,2,806,613,881,735,14
3487,frame_03487.jpg,Crossing,2,807,613,882,735,14
3488,frame_03488.jpg,Crossing,2,807,613,883,736,14
3489,frame_03489.jpg,Crossing,2,808,613,884,737,14
3490,frame_03490.jpg,Crossing,2,809,614,885,738,14
3491,frame_03491.jpg,Crossing,2,809,614,886,739,14
3492,frame_03492.jpg,Crossing,2,810,614,887,740,14
3493,frame_03493.jpg,Crossing,2,811,614,888,740,14
3494,frame_03494.jpg,Crossing,2,811,614,889,741,14
3495,frame_03495.jpg,Crossing,2,812,615,890,742,14
3496,frame_03496.jpg,Crossing,2,813,615,891,743,14
3497,frame_03497.jpg,Crossing,2,813,615,891,744,14
3498,frame_03498.jpg,Crossing,2,814,615,892,745,14
3499,frame_03499.jpg,Crossing,2,814,615,893,746,14
3500,frame_03500.jpg,Crossing,2,815,616,894,746,14
3501,frame_03501.jpg,Crossing,2,816,616,895,747,14
3502,frame_03502.jpg,Crossing,2,816,616,896,748,14
3503,frame_03503.jpg,Crossing,2,817,616,897,749,14
3504,frame_03504.jpg,Crossing,2,818,616,898,750,14
3505,frame_03505.jpg,Crossing,2,818,617,899,751,14
3506,frame_03506.jpg,Crossing,2,819,617,900,752,14
3507,frame_03507.jpg,Crossing,2,820,617,901,752,14
3508,frame_03508.jpg,Crossing,2,820,617,902,753,14
3509,frame_03509.jpg,Crossing,2,822,618,904,755,14
3510,frame_03510.jpg,Crossing,2,823,618,906,757,14
3511,frame_03511.jpg,Crossing,2,824,619,907,759,14
3512,frame_03512.jpg,Crossing,2,825,619,909,761,14
3513,frame_03513.jpg,Crossing,2,826,620,911,763,14
3514,frame_03514.jpg,Crossing,2,828,620,913,764,14
3515,frame_03515.jpg,Crossing,2,829,621,915,766,14
3516,frame_03516.jpg,Crossing,2,830,621,916,768,14
3517,frame_03517.jpg,Crossing,2,831,622,918,770,14
3518,frame_03518.jpg,Crossing,2,833,622,920,772,14
3519,frame_03519.jpg,Crossing,2,834,623,922,774,14
3520,frame_03520.jpg,Crossing,2,835,623,924,776,14
3521,frame_03521.jpg,Crossing,2,836,624,926,778,14
3522,frame_03522.jpg,Crossing,2,838,624,927,780,14
3523,frame_03523.jpg,Crossing,2,839,625,929,781,14
3524,frame_03524.jpg,Crossing,2,840,625,931,783,14
3525,frame_03525.jpg,Crossing,2,841,626,933,785,14
3526,frame_03526.jpg,Crossing,2,842,626,935,787,14
3527,frame_03527.jpg,Crossing,2,844,627,936,789,14
3528,frame_03528.jpg,Crossing,2,845,628,938,791,14
3529,frame_03529.jpg,Crossing,2,848,627,942,792,14
3530,frame_03530.jpg,Crossing,2,852,627,946,794,14
3531,frame_03531.jpg,Crossing,2,855,627,950,795,14
3532,frame_03532.jpg,Crossing,2,858,626,954,796,14
3533,frame_03533.jpg,Crossing,2,862,626,958,798,14
3534,frame_03534.jpg,Crossing,2,865,626,962,799,14
3535,frame_03535.jpg,Crossing,2,869,626,966,800,14
3536,frame_03536.jpg,Crossing,2,872,625,970,802,14
3537,frame_03537.jpg,Crossing,2,875,625,974,803,14
3538,frame_03538.jpg,Crossing,2,879,625,978,804,14
3539,frame_03539.jpg,Crossing,2,882,624,982,806,14
3540,frame_03540.jpg,Crossing,2,885,624,986,807,14
3541,frame_03541.jpg,Crossing,2,889,624,989,808,14
3542,frame_03542.jpg,Crossing,2,892,624,993,810,14
3543,frame_03543.jpg,Crossing,2,896,623,997,811,14
3544,frame_03544.jpg,Crossing,2,899,623,1001,812,14
3545,frame_03545.jpg,Crossing,2,902,623,1005,814,14
3546,frame_03546.jpg,Crossing,2,906,622,1009,815,14
3547,frame_03547.jpg,Crossing,2,909,622,1013,816,14
3548,frame_03548.jpg,Crossing,2,912,622,1017,818,14
3549,frame_03549.jpg,Crossing,2,916,622,1021,819,14
3550,frame_03550.jpg,Crossing,2,919,621,1025,821,14
3551,frame_03551.jpg,Crossing,2,923,621,1029,822,14
3552,frame_03552.jpg,Crossing,2,926,619,1035,825,14
3553,frame_03553.jpg,Crossing,2,930,617,1041,827,14
3554,frame_03554.jpg,Crossing,2,934,615,1047,830,14
3555,frame_03555.jpg,Crossing,2,938,613,1053,833,14
3556,frame_03556.jpg,Crossing,2,941,611,1059,836,14
3557,frame_03557.jpg,Crossing,2,945,609,1065,839,14
3558,frame_03558.jpg,Crossing,2,949,607,1071,841,14
3559,frame_03559.jpg,Crossing,2,953,605,1077,844,14
3560,frame_03560.jpg,Crossing,2,957,604,1083,847,14
3561,frame_03561.jpg,Crossing,2,960,602,1089,850,14
3562,frame_03562.jpg,Crossing,2,964,600,1095,853,14
3563,frame_03563.jpg,Crossing,2,968,598,1101,856,14
3564,frame_03564.jpg,Crossing,2,977,595,1113,860,14
3565,frame_03565.jpg,Crossing,2,986,593,1125,865,14
3566,frame_03566.jpg,Crossing,2,996,590,1137,870,14
3567,frame_03567.jpg,Crossing,2,1005,588,1149,874,14
3568,frame_03568.jpg,Crossing,2,1014,585,1161,879,14
3569,frame_03569.jpg,Crossing,2,1023,583,1173,884,14
3570,frame_03570.jpg,Crossing,2,1033,580,1185,889,14
3571,frame_03571.jpg,Crossing,2,1042,578,1197,893,14
3572,frame_03572.jpg,Crossing,2,1051,576,1209,898,14
3573,frame_03573.jpg,Crossing,2,1060,573,1221,903,14
3574,frame_03574.jpg,Crossing,2,1070,571,1233,908,14
3575,frame_03575.jpg,Crossing,2,1079,568,1245,912,14
3576,frame_03576.jpg,Crossing,2,1088,566,1257,917,14
3577,frame_03577.jpg,Crossing,2,1097,563,1269,922,14
3578,frame_03578.jpg,Crossing,2,1107,561,1281,927,14
3579,frame_03579.jpg,Crossing,2,1116,558,1293,931,14
3580,frame_03580.jpg,Crossing,2,1125,556,1305,936,14
3581,frame_03581.jpg,Crossing,2,1134,553,1317,941,14
3582,frame_03582.jpg,Crossing,2,1144,551,1329,946,14
3583,frame_03583.jpg,Crossing,2,1153,548,1341,950,14
3584,frame_03584.jpg,Crossing,2,1162,546,1353,955,14
3585,frame_03585.jpg,Crossing,2,1184,540,1384,955,14
3586,frame_03586.jpg,Crossing,2,1207,534,1415,954,14
3587,frame_03587.jpg,Crossing,2,1229,529,1446,953,14
3588,frame_03588.jpg,Crossing,2,1251,523,1477,953,14
3589,frame_03589.jpg,Crossing,2,1274,517,1508,952,14
3590,frame_03590.jpg,Crossing,2,1296,511,1539,952,14
3591,frame_03591.jpg,Crossing,2,1318,506,1570,951,14
3592,frame_03592.jpg,Crossing,2,1341,500,1601,951,14
3704,frame_03704.jpg,Walking,0,1483,618,1588,797,15
3705,frame_03705.jpg,Walking,0,1491,617,1597,800,15
3706,frame_03706.jpg,Walking,0,1498,616,1605,802,15
3707,frame_03707.jpg,Walking,0,1506,615,1614,804,15
3708,frame_03708.jpg,Walking,0,1513,614,1623,807,15
3709,frame_03709.jpg,Walking,0,1520,613,1631,809,15
3710,frame_03710.jpg,Walking,0,1528,612,1640,812,15
3711,frame_03711.jpg,Walking,0,1535,612,1649,814,15
3712,frame_03712.jpg,Walking,0,1542,611,1657,817,15
3713,frame_03713.jpg,Walking,0,1550,610,1666,819,15
3714,frame_03714.jpg,Walking,0,1557,609,1674,822,15
3715,frame_03715.jpg,Walking,0,1565,608,1683,824,15
3716,frame_03716.jpg,Walking,0,1572,607,1692,826,15
3717,frame_03717.jpg,Walking,0,1579,606,1700,829,15
3718,frame_03718.jpg,Walking,0,1587,605,1709,831,15
3719,frame_03719.jpg,Walking,0,1594,604,1717,834,15
3720,frame_03720.jpg,Walking,0,1602,603,1726,836,15
3721,frame_03721.jpg,Walking,0,1609,602,1735,839,15
3722,frame_03722.jpg,Walking,0,1622,599,1747,840,15
3723,frame_03723.jpg,Walking,0,1636,597,1759,842,15
3724,frame_03724.jpg,Walking,0,1649,594,1772,843,15
3725,frame_03725.jpg,Walking,0,1662,592,1784,844,15
3726,frame_03726.jpg,Walking,0,1676,590,1796,846,15
3727,frame_03727.jpg,Walking,0,1689,587,1809,847,15
3728,frame_03728.jpg,Walking,0,1703,585,1821,849,15
3729,frame_03729.jpg,Walking,0,1716,582,1833,850,15
3730,frame_03730.jpg,Walking,0,1729,580,1846,852,15
3731,frame_03731.jpg,Walking,0,1743,577,1858,853,15
3732,frame_03732.jpg,Walking,0,1756,575,1870,855,15
3733,frame_03733.jpg,Walking,0,1770,573,1883,856,15
3734,frame_03734.jpg,Walking,0,1783,570,1895,858,15
3735,frame_03735.jpg,Walking,0,1796,568,1907,859,15
3852,frame_03852.jpg,Crossing,2,732,653,793,738,16
3853,frame_03853.jpg,Crossing,2,727,653,788,738,16
3854,frame_03854.jpg,Crossing,2,723,653,784,737,16
3855,frame_03855.jpg,Crossing,2,718,653,779,737,16
3856,frame_03856.jpg,Crossing,2,714,653,775,737,16
3857,frame_03857.jpg,Crossing,2,709,653,770,737,16
3858,frame_03858.jpg,Crossing,2,704,653,765,737,16
3859,frame_03859.jpg,Crossing,2,700,653,761,737,16
3860,frame_03860.jpg,Crossing,2,695,653,756,737,16
3861,frame_03861.jpg,Crossing,2,690,653,751,737,16
3862,frame_03862.jpg,Crossing,2,686,653,747,737,16
3863,frame_03863.jpg,Crossing,2,681,653,742,737,16
3864,frame_03864.jpg,Crossing,2,676,653,737,737,16
3865,frame_03865.jpg,Crossing,2,672,653,733,737,16
3866,frame_03866.jpg,Crossing,2,667,653,728,737,16
3867,frame_03867.jpg,Crossing,2,663,653,724,737,16
3868,frame_03868.jpg,Crossing,2,658,653,719,737,16
3869,frame_03869.jpg,Crossing,2,653,652,714,737,16
3870,frame_03870.jpg,Crossing,2,649,652,710,737,16
3871,frame_03871.jpg,Crossing,2,644,652,705,737,16
3872,frame_03872.jpg,Crossing,2,639,652,700,736,16
3873,frame_03873.jpg,Crossing,2,635,652,696,736,16
3874,frame_03874.jpg,Crossing,2,630,652,691,736,16
3875,frame_03875.jpg,Crossing,2,625,652,686,736,16
3876,frame_03876.jpg,Crossing,2,621,652,682,736,16
3877,frame_03877.jpg,Crossing,2,616,653,677,737,16
3878,frame_03878.jpg,Crossing,2,610,653,671,738,16
3879,frame_03879.jpg,Crossing,2,605,654,666,738,16
3880,frame_03880.jpg,Crossing,2,600,655,661,739,16
3881,frame_03881.jpg,Crossing,2,595,655,656,740,16
3882,frame_03882.jpg,Crossing,2,590,656,651,740,16
3883,frame_03883.jpg,Crossing,2,582,655,645,741,16
3884,frame_03884.jpg,Crossing,2,575,655,640,741,16
3885,frame_03885.jpg,Crossing,2,567,654,635,741,16
3886,frame_03886.jpg,Crossing,2,560,654,629,742,16
3887,frame_03887.jpg,Crossing,2,552,653,624,742,16
3888,frame_03888.jpg,Crossing,2,545,653,619,742,16
3889,frame_03889.jpg,Crossing,2,537,652,614,743,16
3890,frame_03890.jpg,Crossing,2,530,652,608,743,16
3891,frame_03891.jpg,Crossing,2,522,651,603,744,16
3984,frame_03984.jpg,Standing,1,1710,581,1870,901,17
3985,frame_03985.jpg,Standing,1,1723,581,1875,901,17
3986,frame_03986.jpg,Standing,1,1736,582,1880,902,17
3987,frame_03987.jpg,Standing,1,1749,582,1885,902,17
3988,frame_03988.jpg,Standing,1,1762,583,1890,903,17
3989,frame_03989.jpg,Standing,1,1775,584,1895,903,17
3990,frame_03990.jpg,Standing,1,1788,584,1900,904,17
3991,frame_03991.jpg,Standing,1,1801,585,1905,904,17
3992,frame_03992.jpg,Standing,1,1815,585,1910,905,17
3993,frame_03993.jpg,Standing,1,1828,586,1915,905,17
4108,frame_04108.jpg,Crossing,2,1614,569,1848,972,18
4109,frame_04109.jpg,Crossing,2,1622,565,1854,973,18
4110,frame_04110.jpg,Crossing,2,1631,560,1860,975,18
4111,frame_04111.jpg,Crossing,2,1639,556,1866,976,18
4112,frame_04112.jpg,Crossing,2,1647,552,1872,978,18
4113,frame_04113.jpg,Crossing,2,1656,547,1878,979,18
4114,frame_04114.jpg,Crossing,2,1664,543,1884,980,18
4115,frame_04115.jpg,Crossing,2,1672,538,1890,982,18
4116,frame_04116.jpg,Crossing,2,1681,534,1896,983,18
4117,frame_04117.jpg,Crossing,2,1689,529,1902,985,18
4118,frame_04118.jpg,Crossing,2,1697,525,1908,986,18
4119,frame_04119.jpg,Crossing,2,1705,521,1914,987,18
4175,frame_04175.jpg,Walking,0,1623,620,1729,808,19
4176,frame_04176.jpg,Walking,0,1612,619,1718,807,19
4177,frame_04177.jpg,Walking,0,1601,619,1707,806,19
4178,frame_04178.jpg,Walking,0,1589,618,1695,806,19
4179,frame_04179.jpg,Walking,0,1578,617,1684,805,19
4180,frame_04180.jpg,Walking,0,1567,617,1673,804,19
4181,frame_04181.jpg,Walking,0,1555,616,1661,804,19
4182,frame_04182.jpg,Walking,0,1544,615,1650,803,19
4183,frame_04183.jpg,Walking,0,1533,615,1639,803,19
4184,frame_04184.jpg,Walking,0,1521,614,1627,802,19
4185,frame_04185.jpg,Walking,0,1510,614,1616,801,19
4186,frame_04186.jpg,Walking,0,1499,613,1605,801,19
4187,frame_04187.jpg,Walking,0,1487,612,1594,800,19
4188,frame_04188.jpg,Walking,0,1476,612,1582,800,19
4189,frame_04189.jpg,Walking,0,1465,611,1571,799,19
4190,frame_04190.jpg,Walking,0,1453,611,1560,798,19
4191,frame_04191.jpg,Walking,0,1442,610,1548,798,19
4192,frame_04192.jpg,Walking,0,1431,609,1537,797,19
4193,frame_04193.jpg,Walking,0,1419,609,1526,797,19
4194,frame_04194.jpg,Walking,0,1408,608,1514,796,19
4195,frame_04195.jpg,Walking,0,1395,607,1501,795,19
4196,frame_04196.jpg,Walking,0,1382,607,1488,795,19
4197,frame_04197.jpg,Walking,0,1369,606,1476,794,19
4198,frame_04198.jpg,Walking,0,1356,606,1463,793,19
4199,frame_04199.jpg,Walking,0,1343,605,1450,793,19
4200,frame_04200.jpg,Walking,0,1330,604,1437,792,19
4201,frame_04201.jpg,Walking,0,1318,604,1424,791,19
4202,frame_04202.jpg,Walking,0,1305,603,1411,791,19
4203,frame_04203.jpg,Walking,0,1292,602,1398,790,19
4204,frame_04204.jpg,Walking,0,1279,602,1385,789,19
4205,frame_04205.jpg,Walking,0,1266,601,1372,789,19
4206,frame_04206.jpg,Walking,0,1253,600,1359,788,19
4207,frame_04207.jpg,Walking,0,1240,600,1346,787,19
4175,frame_04175.jpg,Standing,1,1360,587,1460,801,20
4176,frame_04176.jpg,Standing,1,1352,588,1451,801,20
4177,frame_04177.jpg,Standing,1,1343,588,1443,801,20
4178,frame_04178.jpg,Standing,1,1334,588,1434,801,20
4179,frame_04179.jpg,Standing,1,1326,588,1425,802,20
4180,frame_04180.jpg,Standing,1,1317,588,1417,802,20
4181,frame_04181.jpg,Standing,1,1308,588,1408,802,20
4182,frame_04182.jpg,Standing,1,1300,588,1399,802,20
4183,frame_04183.jpg,Standing,1,1291,589,1391,802,20
4184,frame_04184.jpg,Standing,1,1282,589,1382,802,20
4185,frame_04185.jpg,Standing,1,1274,589,1373,802,20
4186,frame_04186.jpg,Standing,1,1265,589,1365,803,20
4187,frame_04187.jpg,Standing,1,1256,589,1356,803,20
4188,frame_04188.jpg,Standing,1,1248,589,1347,803,20
4189,frame_04189.jpg,Standing,1,1239,589,1339,803,20
4190,frame_04190.jpg,Standing,1,1230,589,1330,803,20
4191,frame_04191.jpg,Standing,1,1222,590,1321,803,20
4192,frame_04192.jpg,Standing,1,1213,590,1313,803,20
4193,frame_04193.jpg,Standing,1,1204,590,1304,804,20
4194,frame_04194.jpg,Standing,1,1196,590,1296,804,20
4195,frame_04195.jpg,Standing,1,1185,589,1284,803,20
4196,frame_04196.jpg,Standing,1,1174,589,1273,802,20
4197,frame_04197.jpg,Standing,1,1163,588,1262,801,20
4198,frame_04198.jpg,Standing,1,1152,587,1251,801,20
4199,frame_04199.jpg,Standing,1,1141,586,1240,800,20
4200,frame_04200.jpg,Standing,1,1130,586,1229,799,20
4201,frame_04201.jpg,Standing,1,1119,585,1218,798,20
4202,frame_04202.jpg,Standing,1,1108,584,1207,798,20
4203,frame_04203.jpg,Standing,1,1097,583,1196,797,20
4204,frame_04204.jpg,Standing,1,1086,583,1185,796,20
4205,frame_04205.jpg,Standing,1,1075,582,1174,796,20
4206,frame_04206.jpg,Standing,1,1064,581,1163,795,20
4207,frame_04207.jpg,Standing,1,1053,580,1152,794,20
4428,frame_04428.jpg,Walking,0,1202,657,1266,752,21
4429,frame_04429.jpg,Walking,0,1200,657,1263,752,21
4430,frame_04430.jpg,Walking,0,1198,657,1261,752,21
4431,frame_04431.jpg,Walking,0,1196,657,1259,752,21
4432,frame_04432.jpg,Walking,0,1194,657,1256,752,21
4433,frame_04433.jpg,Walking,0,1193,657,1254,752,21
4434,frame_04434.jpg,Walking,0,1191,657,1252,752,21
4435,frame_04435.jpg,Walking,0,1189,657,1249,752,21
4436,frame_04436.jpg,Walking,0,1187,657,1247,752,21
4437,frame_04437.jpg,Walking,0,1185,657,1245,752,21
4438,frame_04438.jpg,Walking,0,1183,657,1242,752,21
4439,frame_04439.jpg,Walking,0,1181,657,1240,751,21
4440,frame_04440.jpg,Walking,0,1179,657,1238,751,21
4441,frame_04441.jpg,Walking,0,1177,657,1235,751,21
4442,frame_04442.jpg,Walking,0,1175,657,1233,751,21
4443,frame_04443.jpg,Walking,0,1173,657,1231,751,21
4444,frame_04444.jpg,Walking,0,1171,657,1228,751,21
4445,frame_04445.jpg,Walking,0,1169,657,1226,751,21
4446,frame_04446.jpg,Walking,0,1167,657,1224,751,21
4447,frame_04447.jpg,Walking,0,1165,657,1221,751,21
4448,frame_04448.jpg,Walking,0,1163,657,1219,751,21
4449,frame_04449.jpg,Walking,0,1161,657,1217,751,21
4450,frame_04450.jpg,Walking,0,1160,657,1214,751,21
4451,frame_04451.jpg,Walking,0,1158,657,1212,751,21
4452,frame_04452.jpg,Walking,0,1156,656,1210,751,21
4453,frame_04453.jpg,Walking,0,1154,656,1207,751,21
4454,frame_04454.jpg,Walking,0,1152,656,1205,751,21
4455,frame_04455.jpg,Walking,0,1150,656,1203,751,21
4456,frame_04456.jpg,Walking,0,1148,656,1200,751,21
4457,frame_04457.jpg,Walking,0,1146,656,1198,751,21
4458,frame_04458.jpg,Walking,0,1144,656,1196,751,21
4459,frame_04459.jpg,Walking,0,1142,656,1193,751,21
4460,frame_04460.jpg,Walking,0,1140,656,1191,751,21
4461,frame_04461.jpg,Walking,0,1138,656,1189,751,21
4462,frame_04462.jpg,Walking,0,1136,656,1186,751,21
4463,frame_04463.jpg,Walking,0,1134,656,1184,751,21
4464,frame_04464.jpg,Walking,0,1132,656,1182,751,21
4465,frame_04465.jpg,Walking,0,1131,657,1180,751,21
4466,frame_04466.jpg,Walking,0,1129,657,1179,751,21
4467,frame_04467.jpg,Walking,0,1128,657,1177,751,21
4468,frame_04468.jpg,Walking,0,1127,658,1176,751,21
4469,frame_04469.jpg,Walking,0,1125,658,1174,751,21
4470,frame_04470.jpg,Walking,0,1124,659,1173,751,21
4471,frame_04471.jpg,Walking,0,1122,659,1172,751,21
4472,frame_04472.jpg,Walking,0,1121,660,1170,751,21
4473,frame_04473.jpg,Walking,0,1119,660,1169,751,21
4474,frame_04474.jpg,Walking,0,1118,661,1167,751,21
4475,frame_04475.jpg,Walking,0,1117,661,1166,751,21
4476,frame_04476.jpg,Walking,0,1115,662,1164,751,21
4477,frame_04477.jpg,Walking,0,1114,662,1163,751,21
4478,frame_04478.jpg,Walking,0,1112,663,1161,751,21
4479,frame_04479.jpg,Walking,0,1111,663,1160,751,21
4480,frame_04480.jpg,Walking,0,1109,663,1159,751,21
4481,frame_04481.jpg,Walking,0,1108,664,1157,751,21
4482,frame_04482.jpg,Walking,0,1107,664,1156,751,21
4483,frame_04483.jpg,Walking,0,1105,665,1154,751,21
4484,frame_04484.jpg,Walking,0,1104,665,1153,751,21
4485,frame_04485.jpg,Walking,0,1102,666,1151,751,21
4486,frame_04486.jpg,Walking,0,1101,666,1150,751,21
4487,frame_04487.jpg,Walking,0,1099,667,1149,751,21
4488,frame_04488.jpg,Walking,0,1098,667,1147,751,21
4489,frame_04489.jpg,Walking,0,1096,668,1146,751,21
4490,frame_04490.jpg,Walking,0,1095,668,1144,751,21
4491,frame_04491.jpg,Walking,0,1094,669,1143,751,21
4492,frame_04492.jpg,Walking,0,1092,669,1141,751,21
4493,frame_04493.jpg,Walking,0,1088,669,1138,750,21
4494,frame_04494.jpg,Walking,0,1085,669,1134,750,21
4495,frame_04495.jpg,Walking,0,1081,669,1130,750,21
4496,frame_04496.jpg,Walking,0,1077,669,1126,750,21
4497,frame_04497.jpg,Walking,0,1073,668,1123,750,21
4498,frame_04498.jpg,Walking,0,1070,668,1119,750,21
4499,frame_04499.jpg,Walking,0,1066,668,1115,750,21
4500,frame_04500.jpg,Walking,0,1062,668,1111,750,21
4501,frame_04501.jpg,Walking,0,1058,668,1108,750,21
4502,frame_04502.jpg,Walking,0,1055,668,1104,749,21
4503,frame_04503.jpg,Walking,0,1051,668,1100,749,21
4504,frame_04504.jpg,Walking,0,1047,668,1096,749,21
4505,frame_04505.jpg,Walking,0,1043,667,1092,749,21
4506,frame_04506.jpg,Walking,0,1039,667,1089,749,21
4507,frame_04507.jpg,Walking,0,1036,667,1085,749,21
4508,frame_04508.jpg,Walking,0,1032,667,1081,749,21
4509,frame_04509.jpg,Walking,0,1028,667,1077,749,21
4510,frame_04510.jpg,Walking,0,1024,667,1074,748,21
4511,frame_04511.jpg,Walking,0,1021,667,1070,748,21
4512,frame_04512.jpg,Walking,0,1017,667,1066,748,21
4513,frame_04513.jpg,Walking,0,1013,667,1062,748,21
4514,frame_04514.jpg,Walking,0,1009,666,1059,748,21
4515,frame_04515.jpg,Walking,0,1003,666,1052,748,21
4516,frame_04516.jpg,Walking,0,997,666,1046,747,21
4517,frame_04517.jpg,Walking,0,991,665,1040,747,21
4518,frame_04518.jpg,Walking,0,984,665,1034,747,21
4519,frame_04519.jpg,Walking,0,978,665,1027,746,21
4520,frame_04520.jpg,Walking,0,972,664,1021,746,21
4521,frame_04521.jpg,Walking,0,966,664,1015,745,21
4522,frame_04522.jpg,Walking,0,959,664,1008,745,21
4523,frame_04523.jpg,Walking,0,953,663,1002,745,21
4524,frame_04524.jpg,Walking,0,947,663,996,744,21
4525,frame_04525.jpg,Walking,0,940,662,990,744,21
4526,frame_04526.jpg,Walking,0,934,662,983,744,21
4527,frame_04527.jpg,Walking,0,928,662,977,743,21
4528,frame_04528.jpg,Walking,0,922,661,971,743,21
4529,frame_04529.jpg,Walking,0,915,661,965,743,21
4530,frame_04530.jpg,Walking,0,909,661,958,742,21
4531,frame_04531.jpg,Walking,0,903,660,952,742,21
4532,frame_04532.jpg,Walking,0,897,660,946,742,21
4533,frame_04533.jpg,Walking,0,889,659,939,741,21
4534,frame_04534.jpg,Walking,0,882,658,931,740,21
4535,frame_04535.jpg,Walking,0,875,657,924,739,21
4536,frame_04536.jpg,Walking,0,867,656,917,738,21
4537,frame_04537.jpg,Walking,0,860,655,909,737,21
4538,frame_04538.jpg,Walking,0,853,654,902,736,21
4539,frame_04539.jpg,Walking,0,846,653,895,735,21
4540,frame_04540.jpg,Walking,0,838,653,887,734,21
4541,frame_04541.jpg,Walking,0,831,652,880,733,21
4542,frame_04542.jpg,Walking,0,824,651,873,732,21
4543,frame_04543.jpg,Walking,0,816,650,865,731,21
4544,frame_04544.jpg,Walking,0,809,649,858,730,21
4545,frame_04545.jpg,Walking,0,802,648,851,729,21
4428,frame_04428.jpg,Walking,0,1611,679,1694,784,22
4429,frame_04429.jpg,Walking,0,1609,679,1691,784,22
4430,frame_04430.jpg,Walking,0,1607,679,1688,784,22
4431,frame_04431.jpg,Walking,0,1604,679,1684,784,22
4432,frame_04432.jpg,Walking,0,1602,679,1681,784,22
4433,frame_04433.jpg,Walking,0,1600,679,1678,784,22
4434,frame_04434.jpg,Walking,0,1597,678,1674,783,22
4435,frame_04435.jpg,Walking,0,1595,678,1671,783,22
4436,frame_04436.jpg,Walking,0,1593,678,1668,783,22
4437,frame_04437.jpg,Walking,0,1590,678,1665,783,22
4438,frame_04438.jpg,Walking,0,1588,678,1661,783,22
4439,frame_04439.jpg,Walking,0,1586,678,1658,783,22
4440,frame_04440.jpg,Walking,0,1583,678,1655,783,22
4441,frame_04441.jpg,Walking,0,1581,677,1651,782,22
4442,frame_04442.jpg,Walking,0,1579,677,1648,782,22
4443,frame_04443.jpg,Walking,0,1576,677,1645,782,22
4444,frame_04444.jpg,Walking,0,1574,677,1641,782,22
4445,frame_04445.jpg,Walking,0,1572,677,1638,782,22
4446,frame_04446.jpg,Walking,0,1569,677,1635,782,22
4447,frame_04447.jpg,Walking,0,1567,677,1631,782,22
4448,frame_04448.jpg,Walking,0,1565,676,1628,781,22
4449,frame_04449.jpg,Walking,0,1562,676,1625,781,22
4450,frame_04450.jpg,Walking,0,1560,676,1622,781,22
4451,frame_04451.jpg,Walking,0,1558,676,1618,781,22
4452,frame_04452.jpg,Walking,0,1555,676,1615,781,22
4453,frame_04453.jpg,Walking,0,1553,676,1612,781,22
4454,frame_04454.jpg,Walking,0,1551,676,1608,781,22
4455,frame_04455.jpg,Walking,0,1548,675,1605,780,22
4456,frame_04456.jpg,Walking,0,1546,675,1602,780,22
4457,frame_04457.jpg,Walking,0,1544,675,1598,780,22
4458,frame_04458.jpg,Walking,0,1541,675,1595,780,22
4459,frame_04459.jpg,Walking,0,1539,675,1592,780,22
4460,frame_04460.jpg,Walking,0,1537,675,1588,780,22
4461,frame_04461.jpg,Walking,0,1534,675,1585,780,22
4462,frame_04462.jpg,Walking,0,1532,674,1582,779,22
4463,frame_04463.jpg,Walking,0,1530,674,1579,779,22
4464,frame_04464.jpg,Walking,0,1527,674,1575,779,22
4465,frame_04465.jpg,Walking,0,1526,674,1574,779,22
4466,frame_04466.jpg,Walking,0,1524,674,1572,779,22
4467,frame_04467.jpg,Walking,0,1522,674,1570,779,22
4468,frame_04468.jpg,Walking,0,1521,673,1569,778,22
4469,frame_04469.jpg,Walking,0,1519,673,1567,778,22
4470,frame_04470.jpg,Walking,0,1517,673,1565,778,22
4471,frame_04471.jpg,Walking,0,1516,673,1564,778,22
4472,frame_04472.jpg,Walking,0,1514,673,1562,778,22
4473,frame_04473.jpg,Walking,0,1512,673,1560,777,22
4474,frame_04474.jpg,Walking,0,1511,672,1559,777,22
4475,frame_04475.jpg,Walking,0,1509,672,1557,777,22
4476,frame_04476.jpg,Walking,0,1507,672,1555,777,22
4477,frame_04477.jpg,Walking,0,1506,672,1554,777,22
4478,frame_04478.jpg,Walking,0,1504,672,1552,776,22
4479,frame_04479.jpg,Walking,0,1502,671,1550,776,22
4480,frame_04480.jpg,Walking,0,1501,671,1549,776,22
4481,frame_04481.jpg,Walking,0,1499,671,1547,776,22
4482,frame_04482.jpg,Walking,0,1497,671,1545,776,22
4483,frame_04483.jpg,Walking,0,1496,671,1544,776,22
4484,frame_04484.jpg,Walking,0,1494,670,1542,775,22
4485,frame_04485.jpg,Walking,0,1492,670,1540,775,22
4486,frame_04486.jpg,Walking,0,1491,670,1539,775,22
4487,frame_04487.jpg,Walking,0,1489,670,1537,775,22
4488,frame_04488.jpg,Walking,0,1487,670,1535,775,22
4489,frame_04489.jpg,Walking,0,1486,670,1534,774,22
4490,frame_04490.jpg,Walking,0,1484,669,1532,774,22
4491,frame_04491.jpg,Walking,0,1482,669,1530,774,22
4492,frame_04492.jpg,Walking,0,1481,669,1529,774,22
4493,frame_04493.jpg,Walking,0,1477,669,1525,774,22
4494,frame_04494.jpg,Walking,0,1473,669,1521,774,22
4495,frame_04495.jpg,Walking,0,1469,669,1517,774,22
4496,frame_04496.jpg,Walking,0,1465,669,1513,774,22
4497,frame_04497.jpg,Walking,0,1462,669,1509,774,22
4498,frame_04498.jpg,Walking,0,1458,669,1506,774,22
4499,frame_04499.jpg,Walking,0,1454,669,1502,774,22
4500,frame_04500.jpg,Walking,0,1450,669,1498,774,22
4501,frame_04501.jpg,Walking,0,1446,669,1494,774,22
4502,frame_04502.jpg,Walking,0,1442,669,1490,774,22
4503,frame_04503.jpg,Walking,0,1439,669,1486,774,22
4504,frame_04504.jpg,Walking,0,1435,669,1483,774,22
4505,frame_04505.jpg,Walking,0,1431,669,1479,774,22
4506,frame_04506.jpg,Walking,0,1427,669,1475,774,22
4507,frame_04507.jpg,Walking,0,1423,669,1471,774,22
4508,frame_04508.jpg,Walking,0,1420,669,1467,774,22
4509,frame_04509.jpg,Walking,0,1416,669,1464,774,22
4510,frame_04510.jpg,Walking,0,1412,669,1460,774,22
4511,frame_04511.jpg,Walking,0,1408,669,1456,774,22
4512,frame_04512.jpg,Walking,0,1404,669,1452,774,22
4513,frame_04513.jpg,Walking,0,1400,669,1448,774,22
4514,frame_04514.jpg,Walking,0,1397,669,1444,774,22
4515,frame_04515.jpg,Walking,0,1390,668,1438,773,22
4516,frame_04516.jpg,Walking,0,1383,668,1431,773,22
4517,frame_04517.jpg,Walking,0,1376,667,1424,772,22
4518,frame_04518.jpg,Walking,0,1369,667,1417,772,22
4519,frame_04519.jpg,Walking,0,1363,666,1411,771,22
4520,frame_04520.jpg,Walking,0,1356,666,1404,771,22
4521,frame_04521.jpg,Walking,0,1349,665,1397,770,22
4522,frame_04522.jpg,Walking,0,1342,665,1390,770,22
4523,frame_04523.jpg,Walking,0,1336,664,1384,769,22
4524,frame_04524.jpg,Walking,0,1329,664,1377,769,22
4525,frame_04525.jpg,Walking,0,1322,663,1370,768,22
4526,frame_04526.jpg,Walking,0,1315,663,1363,768,22
4527,frame_04527.jpg,Walking,0,1309,662,1356,767,22
4528,frame_04528.jpg,Walking,0,1302,662,1350,767,22
4529,frame_04529.jpg,Walking,0,1295,661,1343,766,22
4530,frame_04530.jpg,Walking,0,1288,661,1336,766,22
4531,frame_04531.jpg,Walking,0,1282,660,1329,765,22
4532,frame_04532.jpg,Walking,0,1275,660,1323,765,22
4533,frame_04533.jpg,Walking,0,1267,659,1315,764,22
4534,frame_04534.jpg,Walking,0,1260,659,1308,764,22
4535,frame_04535.jpg,Walking,0,1252,658,1300,763,22
4536,frame_04536.jpg,Walking,0,1245,657,1293,762,22
4537,frame_04537.jpg,Walking,0,1237,657,1285,762,22
4538,frame_04538.jpg,Walking,0,1230,656,1278,761,22
4539,frame_04539.jpg,Walking,0,1222,655,1270,760,22
4540,frame_04540.jpg,Walking,0,1215,655,1263,760,22
4541,frame_04541.jpg,Walking,0,1207,654,1255,759,22
4542,frame_04542.jpg,Walking,0,1200,653,1248,758,22
4543,frame_04543.jpg,Walking,0,1192,653,1240,758,22
4544,frame_04544.jpg,Walking,0,1185,652,1233,757,22
4545,frame_04545.jpg,Walking,0,1177,652,1225,756,22
